1,2022-10-01,11.5,12.45,1,
2,2022-10-01,41.2,44.6,1,
3,2022-10-01,9.8,10.61,1,
4,2022-10-01,11.5,12.45,1,
5,2022-10-01,9.8,10.61,1,
6,2022-10-01,11.5,12.45,1,
7,2022-10-01,9.8,10.61,1,
8,2022-10-01,41.2,44.6,1,
9,2022-10-01,41.2,44.6,1,
10,2022-10-01,41.2,44.6,1,
11,2022-10-01,41.2,44.6,1,
12,2022-10-01,9.8,10.61,1,
13,2022-10-01,11.5,12.45,1,
14,2022-10-01,11.5,12.45,1,
15,2022-10-01,41.2,44.6,1,
16,2022-10-01,41.2,44.6,1,
17,2022-10-01,41.2,44.6,1,
18,2022-10-01,41.2,44.6,1,
19,2022-10-01,11.5,12.45,1,
20,2022-10-01,41.2,44.6,1,
21,2022-10-01,11.5,12.45,1,
22,2022-10-01,41.2,44.6,1,
23,2022-10-01,11.5,12.45,1,
24,2022-10-01,9.8,10.61,1,
25,2022-10-01,41.2,44.6,1,
26,2022-10-01,11.5,12.45,1,
27,2022-10-01,11.5,12.45,1,
28,2022-10-01,9.8,10.61,1,
29,2022-10-01,9.8,10.61,1,
30,2022-10-01,41.2,44.6,1,
31,2022-10-01,9.8,10.61,1,
32,2022-10-01,9.8,10.61,1,
33,2022-10-01,11.5,12.45,1,
34,2022-10-01,11.5,12.45,1,
35,2022-10-01,11.5,12.45,1,
36,2022-10-01,11.5,12.45,1,
37,2022-10-01,9.8,10.61,1,
38,2022-10-01,9.8,10.61,1,
39,2022-10-01,11.5,12.45,1,
40,2022-10-01,9.8,10.61,1,
41,2022-10-01,9.8,10.61,1,
42,2022-10-01,11.5,12.45,1,
43,2022-10-01,41.2,44.6,1,
44,2022-10-01,11.5,12.45,1,
45,2022-10-01,9.8,10.61,1,
46,2022-10-01,9.8,10.61,1,
47,2022-10-01,41.2,44.6,1,
48,2022-10-01,11.5,12.45,1,
49,2022-10-01,11.5,12.45,1,
50,2022-10-01,41.2,44.6,1,
51,2022-10-01,41.2,44.6,1,
52,2022-10-01,9.8,10.61,1,
53,2022-10-01,41.2,44.6,1,
54,2022-10-01,9.8,10.61,1,
55,2022-10-01,9.8,10.61,1,
56,2022-10-01,11.5,12.45,1,
57,2022-10-01,41.2,44.6,1,
58,2022-10-01,9.8,10.61,1,
59,2022-10-01,9.8,10.61,1,
60,2022-10-01,41.2,44.6,1,
61,2022-10-01,11.5,12.45,1,
62,2022-10-01,41.2,44.6,1,
63,2022-10-01,11.5,12.45,1,
64,2022-10-01,11.5,12.45,1,
65,2022-10-01,11.5,12.45,1,
66,2022-10-01,41.2,44.6,1,
67,2022-10-01,11.5,12.45,1,
68,2022-10-01,41.2,44.6,1,
69,2022-10-01,9.8,10.61,1,
70,2022-10-01,41.2,44.6,1,
71,2022-10-01,11.5,12.45,1,
72,2022-10-01,9.8,10.61,1,
73,2022-10-01,41.2,44.6,1,
74,2022-10-01,9.8,10.61,1,
75,2022-10-01,41.2,44.6,1,
76,2022-10-01,9.8,10.61,1,
77,2022-10-01,11.5,12.45,1,
78,2022-10-01,9.8,10.61,1,
79,2022-10-01,9.8,10.61,1,
80,2022-10-01,11.5,12.45,1,
81,2022-10-01,41.2,44.6,1,
82,2022-10-01,9.8,10.61,1,
83,2022-10-01,9.8,10.61,1,
84,2022-10-01,11.5,12.45,1,
85,2022-10-01,11.5,12.45,1,
86,2022-10-01,11.5,12.45,1,
87,2022-10-01,9.8,10.61,1,
88,2022-10-01,11.5,12.45,1,
89,2022-10-01,41.2,44.6,1,
90,2022-10-01,9.8,10.61,1,
91,2022-10-01,11.5,12.45,1,
92,2022-10-01,41.2,44.6,1,
93,2022-10-01,41.2,44.6,1,
94,2022-10-01,9.8,10.61,1,
95,2022-10-01,9.8,10.61,1,
96,2022-10-01,41.2,44.6,1,
97,2022-10-01,9.8,10.61,1,
98,2022-10-01,11.5,12.45,1,
99,2022-10-01,11.5,12.45,1,
100,2022-10-01,11.5,12.45,1,
101,2022-10-01,9.8,10.61,1,
102,2022-10-01,11.5,12.45,1,
103,2022-10-01,41.2,44.6,1,
104,2022-10-01,9.8,10.61,1,
105,2022-10-01,41.2,44.6,1,
106,2022-10-01,9.8,10.61,1,
107,2022-10-01,41.2,44.6,1,
108,2022-10-01,9.8,10.61,1,
109,2022-10-01,11.5,12.45,1,
110,2022-10-01,9.8,10.61,1,
111,2022-10-01,9.8,10.61,1,
112,2022-10-01,41.2,44.6,1,
113,2022-10-01,11.5,12.45,1,
114,2022-10-01,41.2,44.6,1,
115,2022-10-01,9.8,10.61,1,
116,2022-10-01,9.8,10.61,1,
117,2022-10-01,9.8,10.61,1,
118,2022-10-01,41.2,44.6,1,
119,2022-10-01,41.2,44.6,1,
120,2022-10-01,41.2,44.6,1,
121,2022-10-01,41.2,44.6,1,
122,2022-10-01,9.8,10.61,1,
123,2022-10-01,41.2,44.6,1,
124,2022-10-01,41.2,44.6,1,
125,2022-10-01,41.2,44.6,1,
126,2022-10-01,9.8,10.61,1,
127,2022-10-01,41.2,44.6,1,
128,2022-10-01,9.8,10.61,1,
129,2022-10-01,41.2,44.6,1,
130,2022-10-01,41.2,44.6,1,
131,2022-10-01,11.5,12.45,1,
132,2022-10-01,11.5,12.45,1,
133,2022-10-01,9.8,10.61,1,
134,2022-10-01,11.5,12.45,1,
135,2022-10-01,9.8,10.61,1,
136,2022-10-01,41.2,44.6,1,
137,2022-10-01,9.8,10.61,1,
138,2022-10-01,41.2,44.6,1,
139,2022-10-01,11.5,12.45,1,
140,2022-10-01,41.2,44.6,1,
141,2022-10-01,9.8,10.61,1,
142,2022-10-01,11.5,12.45,1,
143,2022-10-01,41.2,44.6,1,
144,2022-10-01,41.2,44.6,1,
145,2022-10-01,41.2,44.6,1,
146,2022-10-01,11.5,12.45,1,
147,2022-10-01,9.8,10.61,1,
148,2022-10-01,9.8,10.61,1,
149,2022-10-01,41.2,44.6,1,
150,2022-10-01,41.2,44.6,1,
151,2022-10-01,41.2,44.6,1,
152,2022-10-01,9.8,10.61,1,
153,2022-10-02,41.2,44.6,1,
154,2022-10-02,41.2,44.6,1,
155,2022-10-02,11.5,12.45,1,
156,2022-10-02,9.8,10.61,1,
157,2022-10-02,11.5,12.45,1,
158,2022-10-02,11.5,12.45,1,
159,2022-10-02,11.5,12.45,1,
160,2022-10-02,9.8,10.61,1,
161,2022-10-02,41.2,44.6,1,
162,2022-10-02,11.5,12.45,1,
163,2022-10-02,9.8,10.61,1,
164,2022-10-02,41.2,44.6,1,
165,2022-10-02,9.8,10.61,1,
166,2022-10-02,9.8,10.61,1,
167,2022-10-02,11.5,12.45,1,
168,2022-10-02,11.5,12.45,1,
169,2022-10-02,11.5,12.45,1,
170,2022-10-02,41.2,44.6,1,
171,2022-10-02,11.5,12.45,1,
172,2022-10-02,9.8,10.61,1,
173,2022-10-02,9.8,10.61,1,
174,2022-10-02,41.2,44.6,1,
175,2022-10-02,9.8,10.61,1,
176,2022-10-02,9.8,10.61,1,
177,2022-10-02,41.2,44.6,1,
178,2022-10-02,11.5,12.45,1,
179,2022-10-02,9.8,10.61,1,
180,2022-10-02,9.8,10.61,1,
181,2022-10-02,11.5,12.45,1,
182,2022-10-02,11.5,12.45,1,
183,2022-10-02,41.2,44.6,1,
184,2022-10-02,11.5,12.45,1,
185,2022-10-02,11.5,12.45,1,
186,2022-10-02,9.8,10.61,1,
187,2022-10-02,11.5,12.45,1,
188,2022-10-02,11.5,12.45,1,
189,2022-10-02,11.5,12.45,1,
190,2022-10-02,41.2,44.6,1,
191,2022-10-02,9.8,10.61,1,
192,2022-10-02,41.2,44.6,1,
193,2022-10-02,9.8,10.61,1,
194,2022-10-02,41.2,44.6,1,
195,2022-10-02,41.2,44.6,1,
196,2022-10-02,41.2,44.6,1,
197,2022-10-02,41.2,44.6,1,
198,2022-10-02,9.8,10.61,1,
199,2022-10-02,11.5,12.45,1,
200,2022-10-02,9.8,10.61,1,
201,2022-10-02,9.8,10.61,1,
202,2022-10-02,41.2,44.6,1,
203,2022-10-02,11.5,12.45,1,
204,2022-10-02,41.2,44.6,1,
205,2022-10-02,9.8,10.61,1,
206,2022-10-02,11.5,12.45,1,
207,2022-10-02,9.8,10.61,1,
208,2022-10-02,9.8,10.61,1,
209,2022-10-02,41.2,44.6,1,
210,2022-10-02,11.5,12.45,1,
211,2022-10-02,9.8,10.61,1,
212,2022-10-02,11.5,12.45,1,
213,2022-10-02,11.5,12.45,1,
214,2022-10-02,11.5,12.45,1,
215,2022-10-02,9.8,10.61,1,
216,2022-10-02,9.8,10.61,1,
217,2022-10-02,9.8,10.61,1,
218,2022-10-02,41.2,44.6,1,
219,2022-10-02,41.2,44.6,1,
220,2022-10-02,11.5,12.45,1,
221,2022-10-02,41.2,44.6,1,
222,2022-10-02,41.2,44.6,1,
223,2022-10-02,11.5,12.45,1,
224,2022-10-02,11.5,12.45,1,
225,2022-10-02,11.5,12.45,1,
226,2022-10-02,11.5,12.45,1,
227,2022-10-02,11.5,12.45,1,
228,2022-10-02,11.5,12.45,1,
229,2022-10-02,11.5,12.45,1,
230,2022-10-02,41.2,44.6,1,
231,2022-10-02,11.5,12.45,1,
232,2022-10-02,41.2,44.6,1,
233,2022-10-02,41.2,44.6,1,
234,2022-10-02,9.8,10.61,1,
235,2022-10-02,41.2,44.6,1,
236,2022-10-02,9.8,10.61,1,
237,2022-10-02,9.8,10.61,1,
238,2022-10-02,9.8,10.61,1,
239,2022-10-02,41.2,44.6,1,
240,2022-10-02,41.2,44.6,1,
241,2022-10-02,9.8,10.61,1,
242,2022-10-02,11.5,12.45,1,
243,2022-10-02,9.8,10.61,1,
244,2022-10-02,9.8,10.61,1,
245,2022-10-02,11.5,12.45,1,
246,2022-10-02,11.5,12.45,1,
247,2022-10-02,9.8,10.61,1,
248,2022-10-02,11.5,12.45,1,
249,2022-10-02,9.8,10.61,1,
250,2022-10-02,11.5,12.45,1,
251,2022-10-02,11.5,12.45,1,
252,2022-10-02,41.2,44.6,1,
253,2022-10-02,11.5,12.45,1,
254,2022-10-02,9.8,10.61,1,
255,2022-10-02,11.5,12.45,1,
256,2022-10-02,11.5,12.45,1,
257,2022-10-02,41.2,44.6,1,
258,2022-10-02,9.8,10.61,1,
259,2022-10-02,41.2,44.6,1,
260,2022-10-02,41.2,44.6,1,
261,2022-10-02,9.8,10.61,1,
262,2022-10-02,11.5,12.45,1,
263,2022-10-02,9.8,10.61,1,
264,2022-10-02,9.8,10.61,1,
265,2022-10-03,41.2,44.6,1,
266,2022-10-03,41.2,44.6,1,
267,2022-10-03,41.2,44.6,1,
268,2022-10-03,41.2,44.6,1,
269,2022-10-03,41.2,44.6,1,
270,2022-10-03,41.2,44.6,1,
271,2022-10-03,11.5,12.45,1,
272,2022-10-03,11.5,12.45,1,
273,2022-10-03,9.8,10.61,1,
274,2022-10-03,11.5,12.45,1,
275,2022-10-03,11.5,12.45,1,
276,2022-10-03,9.8,10.61,1,
277,2022-10-03,9.8,10.61,1,
278,2022-10-03,41.2,44.6,1,
279,2022-10-03,11.5,12.45,1,
280,2022-10-03,9.8,10.61,1,
281,2022-10-03,11.5,12.45,1,
282,2022-10-03,41.2,44.6,1,
283,2022-10-03,9.8,10.61,1,
284,2022-10-03,11.5,12.45,1,
285,2022-10-03,9.8,10.61,1,
286,2022-10-03,9.8,10.61,1,
287,2022-10-03,9.8,10.61,1,
288,2022-10-03,9.8,10.61,1,
289,2022-10-03,11.5,12.45,1,
290,2022-10-03,9.8,10.61,1,
291,2022-10-03,41.2,44.6,1,
292,2022-10-03,9.8,10.61,1,
293,2022-10-03,9.8,10.61,1,
294,2022-10-03,11.5,12.45,1,
295,2022-10-03,41.2,44.6,1,
296,2022-10-03,41.2,44.6,1,
297,2022-10-03,9.8,10.61,1,
298,2022-10-03,41.2,44.6,1,
299,2022-10-03,9.8,10.61,1,
300,2022-10-03,41.2,44.6,1,
301,2022-10-03,41.2,44.6,1,
302,2022-10-03,9.8,10.61,1,
303,2022-10-03,11.5,12.45,1,
304,2022-10-03,11.5,12.45,1,
305,2022-10-03,41.2,44.6,1,
306,2022-10-03,41.2,44.6,1,
307,2022-10-03,11.5,12.45,1,
308,2022-10-03,9.8,10.61,1,
309,2022-10-03,41.2,44.6,1,
310,2022-10-03,11.5,12.45,1,
311,2022-10-03,11.5,12.45,1,
312,2022-10-03,41.2,44.6,1,
313,2022-10-03,9.8,10.61,1,
314,2022-10-03,9.8,10.61,1,
315,2022-10-03,9.8,10.61,1,
316,2022-10-03,11.5,12.45,1,
317,2022-10-03,41.2,44.6,1,
318,2022-10-03,9.8,10.61,1,
319,2022-10-03,41.2,44.6,1,
320,2022-10-03,11.5,12.45,1,
321,2022-10-03,9.8,10.61,1,
322,2022-10-03,11.5,12.45,1,
323,2022-10-03,9.8,10.61,1,
324,2022-10-03,9.8,10.61,1,
325,2022-10-03,11.5,12.45,1,
326,2022-10-03,41.2,44.6,1,
327,2022-10-03,11.5,12.45,1,
328,2022-10-03,9.8,10.61,1,
329,2022-10-03,9.8,10.61,1,
330,2022-10-03,11.5,12.45,1,
331,2022-10-03,9.8,10.61,1,
332,2022-10-03,41.2,44.6,1,
333,2022-10-03,11.5,12.45,1,
334,2022-10-03,41.2,44.6,1,
335,2022-10-03,41.2,44.6,1,
336,2022-10-03,9.8,10.61,1,
337,2022-10-03,11.5,12.45,1,
338,2022-10-03,11.5,12.45,1,
339,2022-10-03,11.5,12.45,1,
340,2022-10-03,11.5,12.45,1,
341,2022-10-03,41.2,44.6,1,
342,2022-10-03,41.2,44.6,1,
343,2022-10-03,9.8,10.61,1,
344,2022-10-03,9.8,10.61,1,
345,2022-10-03,11.5,12.45,1,
346,2022-10-03,41.2,44.6,1,
347,2022-10-03,41.2,44.6,1,
348,2022-10-03,9.8,10.61,1,
349,2022-10-03,41.2,44.6,1,
350,2022-10-03,41.2,44.6,1,
351,2022-10-03,11.5,12.45,1,
352,2022-10-03,9.8,10.61,1,
353,2022-10-03,9.8,10.61,1,
354,2022-10-03,41.2,44.6,1,
355,2022-10-03,9.8,10.61,1,
356,2022-10-03,41.2,44.6,1,
357,2022-10-03,41.2,44.6,1,
358,2022-10-03,41.2,44.6,1,
359,2022-10-03,41.2,44.6,1,
360,2022-10-03,9.8,10.61,1,
361,2022-10-03,11.5,12.45,1,
362,2022-10-03,9.8,10.61,1,
363,2022-10-03,11.5,12.45,1,
364,2022-10-03,11.5,12.45,1,
365,2022-10-03,11.5,12.45,1,
366,2022-10-03,41.2,44.6,1,
367,2022-10-04,41.2,44.6,1,
368,2022-10-04,9.8,10.61,1,
369,2022-10-04,11.5,12.45,1,
370,2022-10-04,41.2,44.6,1,
371,2022-10-04,11.5,12.45,1,
372,2022-10-04,41.2,44.6,1,
373,2022-10-04,9.8,10.61,1,
374,2022-10-04,41.2,44.6,1,
375,2022-10-04,41.2,44.6,1,
376,2022-10-04,9.8,10.61,1,
377,2022-10-04,41.2,44.6,1,
378,2022-10-04,9.8,10.61,1,
379,2022-10-04,41.2,44.6,1,
380,2022-10-04,9.8,10.61,1,
381,2022-10-04,11.5,12.45,1,
382,2022-10-04,41.2,44.6,1,
383,2022-10-04,9.8,10.61,1,
384,2022-10-04,9.8,10.61,1,
385,2022-10-04,9.8,10.61,1,
386,2022-10-04,11.5,12.45,1,
387,2022-10-04,11.5,12.45,1,
388,2022-10-04,11.5,12.45,1,
389,2022-10-04,41.2,44.6,1,
390,2022-10-04,41.2,44.6,1,
391,2022-10-04,41.2,44.6,1,
392,2022-10-04,41.2,44.6,1,
393,2022-10-04,11.5,12.45,1,
394,2022-10-04,41.2,44.6,1,
395,2022-10-04,9.8,10.61,1,
396,2022-10-04,11.5,12.45,1,
397,2022-10-04,41.2,44.6,1,
398,2022-10-04,9.8,10.61,1,
399,2022-10-04,41.2,44.6,1,
400,2022-10-04,9.8,10.61,1,
401,2022-10-04,11.5,12.45,1,
402,2022-10-04,9.8,10.61,1,
403,2022-10-04,9.8,10.61,1,
404,2022-10-04,11.5,12.45,1,
405,2022-10-04,11.5,12.45,1,
406,2022-10-04,41.2,44.6,1,
407,2022-10-04,11.5,12.45,1,
408,2022-10-04,9.8,10.61,1,
409,2022-10-04,41.2,44.6,1,
410,2022-10-04,41.2,44.6,1,
411,2022-10-04,41.2,44.6,1,
412,2022-10-04,41.2,44.6,1,
413,2022-10-04,41.2,44.6,1,
414,2022-10-04,9.8,10.61,1,
415,2022-10-04,41.2,44.6,1,
416,2022-10-04,11.5,12.45,1,
417,2022-10-04,11.5,12.45,1,
418,2022-10-04,11.5,12.45,1,
419,2022-10-04,41.2,44.6,1,
420,2022-10-04,41.2,44.6,1,
421,2022-10-04,11.5,12.45,1,
422,2022-10-04,11.5,12.45,1,
423,2022-10-04,9.8,10.61,1,
424,2022-10-04,11.5,12.45,1,
425,2022-10-04,11.5,12.45,1,
426,2022-10-04,41.2,44.6,1,
427,2022-10-04,9.8,10.61,1,
428,2022-10-04,11.5,12.45,1,
429,2022-10-04,11.5,12.45,1,
430,2022-10-04,41.2,44.6,1,
431,2022-10-04,9.8,10.61,1,
432,2022-10-04,9.8,10.61,1,
433,2022-10-04,41.2,44.6,1,
434,2022-10-04,9.8,10.61,1,
435,2022-10-04,9.8,10.61,1,
436,2022-10-04,41.2,44.6,1,
437,2022-10-04,41.2,44.6,1,
438,2022-10-04,41.2,44.6,1,
439,2022-10-04,41.2,44.6,1,
440,2022-10-04,41.2,44.6,1,
441,2022-10-04,9.8,10.61,1,
442,2022-10-04,11.5,12.45,1,
443,2022-10-04,9.8,10.61,1,
444,2022-10-04,9.8,10.61,1,
445,2022-10-04,41.2,44.6,1,
446,2022-10-04,41.2,44.6,1,
447,2022-10-04,41.2,44.6,1,
448,2022-10-04,9.8,10.61,1,
449,2022-10-04,9.8,10.61,1,
450,2022-10-04,41.2,44.6,1,
451,2022-10-04,9.8,10.61,1,
452,2022-10-04,9.8,10.61,1,
453,2022-10-04,9.8,10.61,1,
454,2022-10-04,11.5,12.45,1,
455,2022-10-04,41.2,44.6,1,
456,2022-10-04,11.5,12.45,1,
457,2022-10-04,11.5,12.45,1,
458,2022-10-04,9.8,10.61,1,
459,2022-10-04,11.5,12.45,1,
460,2022-10-04,11.5,12.45,1,
461,2022-10-04,9.8,10.61,1,
462,2022-10-04,11.5,12.45,1,
463,2022-10-05,41.2,44.6,1,
464,2022-10-05,41.2,44.6,1,
465,2022-10-05,41.2,44.6,1,
466,2022-10-05,9.8,10.61,1,
467,2022-10-05,9.8,10.61,1,
468,2022-10-05,41.2,44.6,1,
469,2022-10-05,41.2,44.6,1,
470,2022-10-05,41.2,44.6,1,
471,2022-10-05,9.8,10.61,1,
472,2022-10-05,9.8,10.61,1,
473,2022-10-05,41.2,44.6,1,
474,2022-10-05,11.5,12.45,1,
475,2022-10-05,11.5,12.45,1,
476,2022-10-05,41.2,44.6,1,
477,2022-10-05,41.2,44.6,1,
478,2022-10-05,11.5,12.45,1,
479,2022-10-05,41.2,44.6,1,
480,2022-10-05,9.8,10.61,1,
481,2022-10-05,41.2,44.6,1,
482,2022-10-05,9.8,10.61,1,
483,2022-10-05,41.2,44.6,1,
484,2022-10-05,9.8,10.61,1,
485,2022-10-05,41.2,44.6,1,
486,2022-10-05,11.5,12.45,1,
487,2022-10-05,9.8,10.61,1,
488,2022-10-05,11.5,12.45,1,
489,2022-10-05,9.8,10.61,1,
490,2022-10-05,41.2,44.6,1,
491,2022-10-05,9.8,10.61,1,
492,2022-10-05,41.2,44.6,1,
493,2022-10-05,11.5,12.45,1,
494,2022-10-05,41.2,44.6,1,
495,2022-10-05,41.2,44.6,1,
496,2022-10-05,41.2,44.6,1,
497,2022-10-05,9.8,10.61,1,
498,2022-10-05,9.8,10.61,1,
499,2022-10-05,41.2,44.6,1,
500,2022-10-05,11.5,12.45,1,
501,2022-10-05,9.8,10.61,1,
502,2022-10-05,11.5,12.45,1,
503,2022-10-05,11.5,12.45,1,
504,2022-10-05,11.5,12.45,1,
505,2022-10-05,9.8,10.61,1,
506,2022-10-05,41.2,44.6,1,
507,2022-10-05,11.5,12.45,1,
508,2022-10-05,41.2,44.6,1,
509,2022-10-05,11.5,12.45,1,
510,2022-10-05,11.5,12.45,1,
511,2022-10-05,9.8,10.61,1,
512,2022-10-05,9.8,10.61,1,
513,2022-10-05,9.8,10.61,1,
514,2022-10-05,11.5,12.45,1,
515,2022-10-05,9.8,10.61,1,
516,2022-10-05,11.5,12.45,1,
517,2022-10-05,9.8,10.61,1,
518,2022-10-05,11.5,12.45,1,
519,2022-10-05,41.2,44.6,1,
520,2022-10-05,9.8,10.61,1,
521,2022-10-05,41.2,44.6,1,
522,2022-10-05,11.5,12.45,1,
523,2022-10-05,11.5,12.45,1,
524,2022-10-05,41.2,44.6,1,
525,2022-10-05,41.2,44.6,1,
526,2022-10-05,11.5,12.45,1,
527,2022-10-05,11.5,12.45,1,
528,2022-10-05,9.8,10.61,1,
529,2022-10-05,11.5,12.45,1,
530,2022-10-05,9.8,10.61,1,
531,2022-10-05,9.8,10.61,1,
532,2022-10-05,41.2,44.6,1,
533,2022-10-05,41.2,44.6,1,
534,2022-10-05,41.2,44.6,1,
535,2022-10-05,9.8,10.61,1,
536,2022-10-05,41.2,44.6,1,
537,2022-10-05,9.8,10.61,1,
538,2022-10-05,41.2,44.6,1,
539,2022-10-05,11.5,12.45,1,
540,2022-10-05,9.8,10.61,1,
541,2022-10-05,9.8,10.61,1,
542,2022-10-05,41.2,44.6,1,
543,2022-10-05,41.2,44.6,1,
544,2022-10-05,11.5,12.45,1,
545,2022-10-05,11.5,12.45,1,
546,2022-10-05,41.2,44.6,1,
547,2022-10-05,41.2,44.6,1,
548,2022-10-05,41.2,44.6,1,
549,2022-10-05,9.8,10.61,1,
550,2022-10-05,41.2,44.6,1,
551,2022-10-05,11.5,12.45,1,
552,2022-10-05,41.2,44.6,1,
553,2022-10-05,11.5,12.45,1,
554,2022-10-05,11.5,12.45,1,
555,2022-10-05,11.5,12.45,1,
556,2022-10-05,9.8,10.61,1,
557,2022-10-05,11.5,12.45,1,
558,2022-10-05,9.8,10.61,1,
559,2022-10-06,41.2,44.6,1,
560,2022-10-06,9.8,10.61,1,
561,2022-10-06,9.8,10.61,1,
562,2022-10-06,9.8,10.61,1,
563,2022-10-06,9.8,10.61,1,
564,2022-10-06,11.5,12.45,1,
565,2022-10-06,9.8,10.61,1,
566,2022-10-06,11.5,12.45,1,
567,2022-10-06,9.8,10.61,1,
568,2022-10-06,9.8,10.61,1,
569,2022-10-06,9.8,10.61,1,
570,2022-10-06,9.8,10.61,1,
571,2022-10-06,9.8,10.61,1,
572,2022-10-06,9.8,10.61,1,
573,2022-10-06,41.2,44.6,1,
574,2022-10-06,9.8,10.61,1,
575,2022-10-06,11.5,12.45,1,
576,2022-10-06,9.8,10.61,1,
577,2022-10-06,9.8,10.61,1,
578,2022-10-06,11.5,12.45,1,
579,2022-10-06,41.2,44.6,1,
580,2022-10-06,9.8,10.61,1,
581,2022-10-06,41.2,44.6,1,
582,2022-10-06,41.2,44.6,1,
583,2022-10-06,41.2,44.6,1,
584,2022-10-06,41.2,44.6,1,
585,2022-10-06,41.2,44.6,1,
586,2022-10-06,41.2,44.6,1,
587,2022-10-06,9.8,10.61,1,
588,2022-10-06,11.5,12.45,1,
589,2022-10-06,11.5,12.45,1,
590,2022-10-06,11.5,12.45,1,
591,2022-10-06,41.2,44.6,1,
592,2022-10-06,41.2,44.6,1,
593,2022-10-06,9.8,10.61,1,
594,2022-10-06,11.5,12.45,1,
595,2022-10-06,41.2,44.6,1,
596,2022-10-06,11.5,12.45,1,
597,2022-10-06,9.8,10.61,1,
598,2022-10-06,9.8,10.61,1,
599,2022-10-06,11.5,12.45,1,
600,2022-10-06,11.5,12.45,1,
601,2022-10-06,9.8,10.61,1,
602,2022-10-06,41.2,44.6,1,
603,2022-10-06,9.8,10.61,1,
604,2022-10-06,9.8,10.61,1,
605,2022-10-06,11.5,12.45,1,
606,2022-10-06,41.2,44.6,1,
607,2022-10-06,11.5,12.45,1,
608,2022-10-06,9.8,10.61,1,
609,2022-10-06,9.8,10.61,1,
610,2022-10-06,41.2,44.6,1,
611,2022-10-06,41.2,44.6,1,
612,2022-10-06,11.5,12.45,1,
613,2022-10-06,41.2,44.6,1,
614,2022-10-06,11.5,12.45,1,
615,2022-10-06,11.5,12.45,1,
616,2022-10-06,41.2,44.6,1,
617,2022-10-06,9.8,10.61,1,
618,2022-10-06,11.5,12.45,1,
619,2022-10-06,11.5,12.45,1,
620,2022-10-06,9.8,10.61,1,
621,2022-10-06,9.8,10.61,1,
622,2022-10-06,9.8,10.61,1,
623,2022-10-06,41.2,44.6,1,
624,2022-10-06,11.5,12.45,1,
625,2022-10-06,11.5,12.45,1,
626,2022-10-06,41.2,44.6,1,
627,2022-10-06,9.8,10.61,1,
628,2022-10-06,41.2,44.6,1,
629,2022-10-06,11.5,12.45,1,
630,2022-10-06,11.5,12.45,1,
631,2022-10-06,11.5,12.45,1,
632,2022-10-06,11.5,12.45,1,
633,2022-10-06,9.8,10.61,1,
634,2022-10-06,9.8,10.61,1,
635,2022-10-06,9.8,10.61,1,
636,2022-10-06,9.8,10.61,1,
637,2022-10-06,11.5,12.45,1,
638,2022-10-06,9.8,10.61,1,
639,2022-10-06,41.2,44.6,1,
640,2022-10-06,11.5,12.45,1,
641,2022-10-06,11.5,12.45,1,
642,2022-10-06,41.2,44.6,1,
643,2022-10-06,9.8,10.61,1,
644,2022-10-06,11.5,12.45,1,
645,2022-10-06,41.2,44.6,1,
646,2022-10-06,11.5,12.45,1,
647,2022-10-06,11.5,12.45,1,
648,2022-10-06,9.8,10.61,1,
649,2022-10-06,41.2,44.6,1,
650,2022-10-06,9.8,10.61,1,
651,2022-10-06,9.8,10.61,1,
652,2022-10-06,41.2,44.6,1,
653,2022-10-06,11.5,12.45,1,
654,2022-10-06,41.2,44.6,1,
655,2022-10-06,9.8,10.61,1,
656,2022-10-06,9.8,10.61,1,
657,2022-10-06,41.2,44.6,1,
658,2022-10-06,41.2,44.6,1,
659,2022-10-06,9.8,10.61,1,
660,2022-10-06,9.8,10.61,1,
661,2022-10-06,41.2,44.6,1,
662,2022-10-06,41.2,44.6,1,
663,2022-10-06,11.5,12.45,1,
664,2022-10-06,41.2,44.6,1,
665,2022-10-06,41.2,44.6,1,
666,2022-10-06,41.2,44.6,1,
667,2022-10-07,9.8,10.61,1,
668,2022-10-07,41.2,44.6,1,
669,2022-10-07,11.5,12.45,1,
670,2022-10-07,9.8,10.61,1,
671,2022-10-07,9.8,10.61,1,
672,2022-10-07,9.8,10.61,1,
673,2022-10-07,11.5,12.45,1,
674,2022-10-07,41.2,44.6,1,
675,2022-10-07,11.5,12.45,1,
676,2022-10-07,41.2,44.6,1,
677,2022-10-07,11.5,12.45,1,
678,2022-10-07,41.2,44.6,1,
679,2022-10-07,9.8,10.61,1,
680,2022-10-07,41.2,44.6,1,
681,2022-10-07,41.2,44.6,1,
682,2022-10-07,9.8,10.61,1,
683,2022-10-07,41.2,44.6,1,
684,2022-10-07,41.2,44.6,1,
685,2022-10-07,11.5,12.45,1,
686,2022-10-07,11.5,12.45,1,
687,2022-10-07,11.5,12.45,1,
688,2022-10-07,41.2,44.6,1,
689,2022-10-07,41.2,44.6,1,
690,2022-10-07,11.5,12.45,1,
691,2022-10-07,41.2,44.6,1,
692,2022-10-07,41.2,44.6,1,
693,2022-10-07,9.8,10.61,1,
694,2022-10-07,9.8,10.61,1,
695,2022-10-07,11.5,12.45,1,
696,2022-10-07,41.2,44.6,1,
697,2022-10-07,41.2,44.6,1,
698,2022-10-07,9.8,10.61,1,
699,2022-10-07,9.8,10.61,1,
700,2022-10-07,9.8,10.61,1,
701,2022-10-07,41.2,44.6,1,
702,2022-10-07,9.8,10.61,1,
703,2022-10-07,9.8,10.61,1,
704,2022-10-07,11.5,12.45,1,
705,2022-10-07,11.5,12.45,1,
706,2022-10-07,11.5,12.45,1,
707,2022-10-07,41.2,44.6,1,
708,2022-10-07,41.2,44.6,1,
709,2022-10-07,41.2,44.6,1,
710,2022-10-07,41.2,44.6,1,
711,2022-10-07,41.2,44.6,1,
712,2022-10-07,9.8,10.61,1,
713,2022-10-07,41.2,44.6,1,
714,2022-10-07,41.2,44.6,1,
715,2022-10-07,11.5,12.45,1,
716,2022-10-07,9.8,10.61,1,
717,2022-10-07,9.8,10.61,1,
718,2022-10-07,9.8,10.61,1,
719,2022-10-07,41.2,44.6,1,
720,2022-10-07,11.5,12.45,1,
721,2022-10-07,41.2,44.6,1,
722,2022-10-07,11.5,12.45,1,
723,2022-10-07,9.8,10.61,1,
724,2022-10-07,9.8,10.61,1,
725,2022-10-07,11.5,12.45,1,
726,2022-10-07,41.2,44.6,1,
727,2022-10-07,9.8,10.61,1,
728,2022-10-07,41.2,44.6,1,
729,2022-10-07,9.8,10.61,1,
730,2022-10-07,9.8,10.61,1,
731,2022-10-07,41.2,44.6,1,
732,2022-10-07,41.2,44.6,1,
733,2022-10-07,11.5,12.45,1,
734,2022-10-07,11.5,12.45,1,
735,2022-10-07,9.8,10.61,1,
736,2022-10-07,9.8,10.61,1,
737,2022-10-07,41.2,44.6,1,
738,2022-10-07,41.2,44.6,1,
739,2022-10-07,9.8,10.61,1,
740,2022-10-07,41.2,44.6,1,
741,2022-10-07,11.5,12.45,1,
742,2022-10-07,41.2,44.6,1,
743,2022-10-07,11.5,12.45,1,
744,2022-10-07,41.2,44.6,1,
745,2022-10-07,11.5,12.45,1,
746,2022-10-07,9.8,10.61,1,
747,2022-10-07,9.8,10.61,1,
748,2022-10-07,41.2,44.6,1,
749,2022-10-07,11.5,12.45,1,
750,2022-10-07,9.8,10.61,1,
751,2022-10-07,11.5,12.45,1,
752,2022-10-07,11.5,12.45,1,
753,2022-10-07,9.8,10.61,1,
754,2022-10-07,9.8,10.61,1,
755,2022-10-07,41.2,44.6,1,
756,2022-10-07,11.5,12.45,1,
757,2022-10-07,11.5,12.45,1,
758,2022-10-07,11.5,12.45,1,
759,2022-10-07,11.5,12.45,1,
760,2022-10-07,11.5,12.45,1,
761,2022-10-07,11.5,12.45,1,
762,2022-10-07,9.8,10.61,1,
763,2022-10-07,41.2,44.6,1,
764,2022-10-07,41.2,44.6,1,
765,2022-10-08,9.8,10.61,1,
766,2022-10-08,9.8,10.61,1,
767,2022-10-08,41.2,44.6,1,
768,2022-10-08,41.2,44.6,1,
769,2022-10-08,41.2,44.6,1,
770,2022-10-08,9.8,10.61,1,
771,2022-10-08,11.5,12.45,1,
772,2022-10-08,11.5,12.45,1,
773,2022-10-08,41.2,44.6,1,
774,2022-10-08,9.8,10.61,1,
775,2022-10-08,41.2,44.6,1,
776,2022-10-08,9.8,10.61,1,
777,2022-10-08,9.8,10.61,1,
778,2022-10-08,11.5,12.45,1,
779,2022-10-08,11.5,12.45,1,
780,2022-10-08,41.2,44.6,1,
781,2022-10-08,11.5,12.45,1,
782,2022-10-08,9.8,10.61,1,
783,2022-10-08,41.2,44.6,1,
784,2022-10-08,9.8,10.61,1,
785,2022-10-08,11.5,12.45,1,
786,2022-10-08,9.8,10.61,1,
787,2022-10-08,9.8,10.61,1,
788,2022-10-08,41.2,44.6,1,
789,2022-10-08,41.2,44.6,1,
790,2022-10-08,11.5,12.45,1,
791,2022-10-08,41.2,44.6,1,
792,2022-10-08,11.5,12.45,1,
793,2022-10-08,9.8,10.61,1,
794,2022-10-08,9.8,10.61,1,
795,2022-10-08,41.2,44.6,1,
796,2022-10-08,9.8,10.61,1,
797,2022-10-08,11.5,12.45,1,
798,2022-10-08,9.8,10.61,1,
799,2022-10-08,11.5,12.45,1,
800,2022-10-08,9.8,10.61,1,
801,2022-10-08,11.5,12.45,1,
802,2022-10-08,9.8,10.61,1,
803,2022-10-08,11.5,12.45,1,
804,2022-10-08,9.8,10.61,1,
805,2022-10-08,41.2,44.6,1,
806,2022-10-08,11.5,12.45,1,
807,2022-10-08,41.2,44.6,1,
808,2022-10-08,11.5,12.45,1,
809,2022-10-08,11.5,12.45,1,
810,2022-10-08,9.8,10.61,1,
811,2022-10-08,11.5,12.45,1,
812,2022-10-08,11.5,12.45,1,
813,2022-10-08,9.8,10.61,1,
814,2022-10-08,11.5,12.45,1,
815,2022-10-08,9.8,10.61,1,
816,2022-10-08,9.8,10.61,1,
817,2022-10-08,41.2,44.6,1,
818,2022-10-08,9.8,10.61,1,
819,2022-10-08,11.5,12.45,1,
820,2022-10-08,9.8,10.61,1,
821,2022-10-08,11.5,12.45,1,
822,2022-10-08,9.8,10.61,1,
823,2022-10-08,41.2,44.6,1,
824,2022-10-08,11.5,12.45,1,
825,2022-10-08,41.2,44.6,1,
826,2022-10-08,41.2,44.6,1,
827,2022-10-08,11.5,12.45,1,
828,2022-10-08,9.8,10.61,1,
829,2022-10-08,9.8,10.61,1,
830,2022-10-08,41.2,44.6,1,
831,2022-10-08,9.8,10.61,1,
832,2022-10-08,9.8,10.61,1,
833,2022-10-08,41.2,44.6,1,
834,2022-10-08,9.8,10.61,1,
835,2022-10-08,9.8,10.61,1,
836,2022-10-08,11.5,12.45,1,
837,2022-10-08,41.2,44.6,1,
838,2022-10-08,11.5,12.45,1,
839,2022-10-08,9.8,10.61,1,
840,2022-10-08,11.5,12.45,1,
841,2022-10-08,9.8,10.61,1,
842,2022-10-08,11.5,12.45,1,
843,2022-10-08,41.2,44.6,1,
844,2022-10-08,11.5,12.45,1,
845,2022-10-08,9.8,10.61,1,
846,2022-10-08,9.8,10.61,1,
847,2022-10-08,41.2,44.6,1,
848,2022-10-08,9.8,10.61,1,
849,2022-10-08,41.2,44.6,1,
850,2022-10-08,9.8,10.61,1,
851,2022-10-08,41.2,44.6,1,
852,2022-10-08,11.5,12.45,1,
853,2022-10-08,9.8,10.61,1,
854,2022-10-08,11.5,12.45,1,
855,2022-10-08,41.2,44.6,1,
856,2022-10-08,9.8,10.61,1,
857,2022-10-08,41.2,44.6,1,
858,2022-10-08,41.2,44.6,1,
859,2022-10-08,9.8,10.61,1,
860,2022-10-08,9.8,10.61,1,
861,2022-10-08,41.2,44.6,1,
862,2022-10-08,11.5,12.45,1,
863,2022-10-08,41.2,44.6,1,
864,2022-10-08,9.8,10.61,1,
865,2022-10-08,41.2,44.6,1,
866,2022-10-08,11.5,12.45,1,
867,2022-10-08,9.8,10.61,1,
868,2022-10-08,41.2,44.6,1,
869,2022-10-08,41.2,44.6,1,
870,2022-10-08,11.5,12.45,1,
871,2022-10-08,41.2,44.6,1,
872,2022-10-08,11.5,12.45,1,
873,2022-10-08,9.8,10.61,1,
874,2022-10-08,9.8,10.61,1,
875,2022-10-08,11.5,12.45,1,
876,2022-10-08,11.5,12.45,1,
877,2022-10-08,9.8,10.61,1,
878,2022-10-08,41.2,44.6,1,
879,2022-10-08,9.8,10.61,1,
880,2022-10-08,9.8,10.61,1,
881,2022-10-08,9.8,10.61,1,
882,2022-10-08,9.8,10.61,1,
883,2022-10-08,9.8,10.61,1,
884,2022-10-08,41.2,44.6,1,
885,2022-10-08,9.8,10.61,1,
886,2022-10-08,41.2,44.6,1,
887,2022-10-08,9.8,10.61,1,
888,2022-10-08,9.8,10.61,1,
889,2022-10-08,41.2,44.6,1,
890,2022-10-08,41.2,44.6,1,
891,2022-10-08,11.5,12.45,1,
892,2022-10-08,41.2,44.6,1,
893,2022-10-08,41.2,44.6,1,
894,2022-10-08,41.2,44.6,1,
895,2022-10-08,9.8,10.61,1,
896,2022-10-08,9.8,10.61,1,
897,2022-10-08,11.5,12.45,1,
898,2022-10-08,41.2,44.6,1,
899,2022-10-08,9.8,10.61,1,
900,2022-10-08,41.2,44.6,1,
901,2022-10-08,41.2,44.6,1,
902,2022-10-08,11.5,12.45,1,
903,2022-10-08,9.8,10.61,1,
904,2022-10-08,9.8,10.61,1,
905,2022-10-08,41.2,44.6,1,
906,2022-10-08,41.2,44.6,1,
907,2022-10-08,11.5,12.45,1,
908,2022-10-08,9.8,10.61,1,
909,2022-10-08,9.8,10.61,1,
910,2022-10-08,41.2,44.6,1,
911,2022-10-08,41.2,44.6,1,
912,2022-10-08,9.8,10.61,1,
913,2022-10-08,11.5,12.45,1,
914,2022-10-08,11.5,12.45,1,
915,2022-10-08,11.5,12.45,1,
916,2022-10-08,41.2,44.6,1,
917,2022-10-08,41.2,44.6,1,
918,2022-10-08,41.2,44.6,1,
919,2022-10-08,11.5,12.45,1,
920,2022-10-08,9.8,10.61,1,
921,2022-10-08,41.2,44.6,1,
922,2022-10-08,41.2,44.6,1,
923,2022-10-08,11.5,12.45,1,
924,2022-10-08,11.5,12.45,1,
925,2022-10-08,9.8,10.61,1,
926,2022-10-08,11.5,12.45,1,
927,2022-10-08,41.2,44.6,1,
928,2022-10-08,41.2,44.6,1,
929,2022-10-08,11.5,12.45,1,
930,2022-10-08,9.8,10.61,1,
931,2022-10-08,9.8,10.61,1,
932,2022-10-08,11.5,12.45,1,
933,2022-10-08,11.5,12.45,1,
934,2022-10-08,9.8,10.61,1,
935,2022-10-08,9.8,10.61,1,
936,2022-10-08,41.2,44.6,1,
937,2022-10-08,11.5,12.45,1,
938,2022-10-08,41.2,44.6,1,
939,2022-10-08,9.8,10.61,1,
940,2022-10-08,41.2,44.6,1,
941,2022-10-08,41.2,44.6,1,
942,2022-10-08,41.2,44.6,1,
943,2022-10-08,9.8,10.61,1,
944,2022-10-08,9.8,10.61,1,
945,2022-10-08,41.2,44.6,1,
946,2022-10-08,9.8,10.61,1,
947,2022-10-08,9.8,10.61,1,
948,2022-10-08,9.8,10.61,1,
949,2022-10-08,41.2,44.6,1,
950,2022-10-08,11.5,12.45,1,
951,2022-10-08,9.8,10.61,1,
952,2022-10-08,11.5,12.45,1,
953,2022-10-08,11.5,12.45,1,
954,2022-10-08,41.2,44.6,1,
955,2022-10-08,11.5,12.45,1,
956,2022-10-08,41.2,44.6,1,
957,2022-10-08,11.5,12.45,1,
958,2022-10-08,9.8,10.61,1,
959,2022-10-08,9.8,10.61,1,
960,2022-10-08,9.8,10.61,1,
961,2022-10-08,41.2,44.6,1,
962,2022-10-08,11.5,12.45,1,
963,2022-10-08,9.8,10.61,1,
964,2022-10-08,11.5,12.45,1,
965,2022-10-08,11.5,12.45,1,
966,2022-10-08,9.8,10.61,1,
967,2022-10-08,11.5,12.45,1,
968,2022-10-08,9.8,10.61,1,
969,2022-10-08,9.8,10.61,1,
970,2022-10-08,11.5,12.45,1,
971,2022-10-08,11.5,12.45,1,
972,2022-10-08,9.8,10.61,1,
973,2022-10-08,11.5,12.45,1,
974,2022-10-08,11.5,12.45,1,
975,2022-10-08,11.5,12.45,1,
976,2022-10-08,11.5,12.45,1,
977,2022-10-08,11.5,12.45,1,
978,2022-10-08,9.8,10.61,1,
979,2022-10-08,11.5,12.45,1,
980,2022-10-08,41.2,44.6,1,
981,2022-10-08,41.2,44.6,1,
982,2022-10-08,41.2,44.6,1,
983,2022-10-08,41.2,44.6,1,
984,2022-10-08,11.5,12.45,1,
985,2022-10-08,9.8,10.61,1,
986,2022-10-08,9.8,10.61,1,
987,2022-10-08,41.2,44.6,1,
988,2022-10-08,41.2,44.6,1,
989,2022-10-08,41.2,44.6,1,
990,2022-10-08,9.8,10.61,1,
991,2022-10-08,9.8,10.61,1,
992,2022-10-08,11.5,12.45,1,
993,2022-10-08,11.5,12.45,1,
994,2022-10-08,9.8,10.61,1,
995,2022-10-08,9.8,10.61,1,
996,2022-10-08,9.8,10.61,1,
997,2022-10-08,11.5,12.45,1,
998,2022-10-08,41.2,44.6,1,
999,2022-10-08,41.2,44.6,1,
1000,2022-10-08,41.2,44.6,1,
1001,2022-10-08,11.5,12.45,1,
1002,2022-10-08,11.5,12.45,1,
1003,2022-10-08,9.8,10.61,1,
1004,2022-10-08,41.2,44.6,1,
1005,2022-10-08,9.8,10.61,1,
1006,2022-10-08,11.5,12.45,1,
1007,2022-10-08,9.8,10.61,1,
1008,2022-10-08,11.5,12.45,1,
1009,2022-10-08,9.8,10.61,1,
1010,2022-10-08,9.8,10.61,1,
1011,2022-10-08,41.2,44.6,1,
1012,2022-10-08,41.2,44.6,1,
1013,2022-10-08,9.8,10.61,1,
1014,2022-10-08,9.8,10.61,1,
1015,2022-10-08,11.5,12.45,1,
1016,2022-10-08,11.5,12.45,1,
1017,2022-10-08,11.5,12.45,1,
1018,2022-10-08,41.2,44.6,1,
1019,2022-10-08,11.5,12.45,1,
1020,2022-10-08,11.5,12.45,1,
1021,2022-10-08,9.8,10.61,1,
1022,2022-10-08,11.5,12.45,1,
1023,2022-10-08,41.2,44.6,1,
1024,2022-10-08,11.5,12.45,1,
1025,2022-10-08,9.8,10.61,1,
1026,2022-10-08,41.2,44.6,1,
1027,2022-10-08,41.2,44.6,1,
1028,2022-10-08,41.2,44.6,1,
1029,2022-10-08,9.8,10.61,1,
1030,2022-10-08,9.8,10.61,1,
1031,2022-10-08,11.5,12.45,1,
1032,2022-10-08,41.2,44.6,1,
1033,2022-10-08,11.5,12.45,1,
1034,2022-10-08,41.2,44.6,1,
1035,2022-10-08,41.2,44.6,1,
1036,2022-10-08,11.5,12.45,1,
1037,2022-10-08,11.5,12.45,1,
1038,2022-10-08,9.8,10.61,1,
1039,2022-10-08,11.5,12.45,1,
1040,2022-10-08,11.5,12.45,1,
1041,2022-10-08,9.8,10.61,1,
1042,2022-10-08,9.8,10.61,1,
1043,2022-10-09,9.8,10.61,1,
1044,2022-10-09,9.8,10.61,1,
1045,2022-10-09,41.2,44.6,1,
1046,2022-10-09,41.2,44.6,1,
1047,2022-10-09,41.2,44.6,1,
1048,2022-10-09,11.5,12.45,1,
1049,2022-10-09,41.2,44.6,1,
1050,2022-10-09,11.5,12.45,1,
1051,2022-10-09,11.5,12.45,1,
1052,2022-10-09,11.5,12.45,1,
1053,2022-10-09,9.8,10.61,1,
1054,2022-10-09,9.8,10.61,1,
1055,2022-10-09,9.8,10.61,1,
1056,2022-10-09,41.2,44.6,1,
1057,2022-10-09,11.5,12.45,1,
1058,2022-10-09,9.8,10.61,1,
1059,2022-10-09,11.5,12.45,1,
1060,2022-10-09,11.5,12.45,1,
1061,2022-10-09,41.2,44.6,1,
1062,2022-10-09,11.5,12.45,1,
1063,2022-10-09,41.2,44.6,1,
1064,2022-10-09,41.2,44.6,1,
1065,2022-10-09,9.8,10.61,1,
1066,2022-10-09,9.8,10.61,1,
1067,2022-10-09,41.2,44.6,1,
1068,2022-10-09,41.2,44.6,1,
1069,2022-10-09,9.8,10.61,1,
1070,2022-10-09,9.8,10.61,1,
1071,2022-10-09,9.8,10.61,1,
1072,2022-10-09,9.8,10.61,1,
1073,2022-10-09,41.2,44.6,1,
1074,2022-10-09,11.5,12.45,1,
1075,2022-10-09,41.2,44.6,1,
1076,2022-10-09,11.5,12.45,1,
1077,2022-10-09,41.2,44.6,1,
1078,2022-10-09,11.5,12.45,1,
1079,2022-10-09,41.2,44.6,1,
1080,2022-10-09,11.5,12.45,1,
1081,2022-10-09,9.8,10.61,1,
1082,2022-10-09,9.8,10.61,1,
1083,2022-10-09,41.2,44.6,1,
1084,2022-10-09,9.8,10.61,1,
1085,2022-10-09,11.5,12.45,1,
1086,2022-10-09,41.2,44.6,1,
1087,2022-10-09,9.8,10.61,1,
1088,2022-10-09,11.5,12.45,1,
1089,2022-10-09,41.2,44.6,1,
1090,2022-10-09,41.2,44.6,1,
1091,2022-10-09,9.8,10.61,1,
1092,2022-10-09,9.8,10.61,1,
1093,2022-10-09,41.2,44.6,1,
1094,2022-10-09,9.8,10.61,1,
1095,2022-10-09,9.8,10.61,1,
1096,2022-10-09,11.5,12.45,1,
1097,2022-10-09,41.2,44.6,1,
1098,2022-10-09,11.5,12.45,1,
1099,2022-10-09,11.5,12.45,1,
1100,2022-10-09,9.8,10.61,1,
1101,2022-10-09,41.2,44.6,1,
1102,2022-10-09,41.2,44.6,1,
1103,2022-10-09,9.8,10.61,1,
1104,2022-10-09,11.5,12.45,1,
1105,2022-10-09,9.8,10.61,1,
1106,2022-10-09,41.2,44.6,1,
1107,2022-10-09,11.5,12.45,1,
1108,2022-10-09,11.5,12.45,1,
1109,2022-10-09,11.5,12.45,1,
1110,2022-10-09,9.8,10.61,1,
1111,2022-10-09,41.2,44.6,1,
1112,2022-10-09,41.2,44.6,1,
1113,2022-10-09,41.2,44.6,1,
1114,2022-10-09,41.2,44.6,1,
1115,2022-10-09,41.2,44.6,1,
1116,2022-10-09,9.8,10.61,1,
1117,2022-10-09,11.5,12.45,1,
1118,2022-10-09,9.8,10.61,1,
1119,2022-10-09,41.2,44.6,1,
1120,2022-10-09,41.2,44.6,1,
1121,2022-10-09,11.5,12.45,1,
1122,2022-10-09,41.2,44.6,1,
1123,2022-10-09,41.2,44.6,1,
1124,2022-10-09,41.2,44.6,1,
1125,2022-10-09,9.8,10.61,1,
1126,2022-10-09,41.2,44.6,1,
1127,2022-10-09,11.5,12.45,1,
1128,2022-10-09,11.5,12.45,1,
1129,2022-10-09,41.2,44.6,1,
1130,2022-10-09,11.5,12.45,1,
1131,2022-10-09,9.8,10.61,1,
1132,2022-10-09,9.8,10.61,1,
1133,2022-10-09,9.8,10.61,1,
1134,2022-10-09,41.2,44.6,1,
1135,2022-10-09,41.2,44.6,1,
1136,2022-10-09,9.8,10.61,1,
1137,2022-10-09,11.5,12.45,1,
1138,2022-10-09,41.2,44.6,1,
1139,2022-10-10,9.8,10.61,1,
1140,2022-10-10,9.8,10.61,1,
1141,2022-10-10,41.2,44.6,1,
1142,2022-10-10,41.2,44.6,1,
1143,2022-10-10,41.2,44.6,1,
1144,2022-10-10,11.5,12.45,1,
1145,2022-10-10,9.8,10.61,1,
1146,2022-10-10,11.5,12.45,1,
1147,2022-10-10,11.5,12.45,1,
1148,2022-10-10,11.5,12.45,1,
1149,2022-10-10,9.8,10.61,1,
1150,2022-10-10,9.8,10.61,1,
1151,2022-10-10,9.8,10.61,1,
1152,2022-10-10,9.8,10.61,1,
1153,2022-10-10,41.2,44.6,1,
1154,2022-10-10,9.8,10.61,1,
1155,2022-10-10,41.2,44.6,1,
1156,2022-10-10,9.8,10.61,1,
1157,2022-10-10,11.5,12.45,1,
1158,2022-10-10,9.8,10.61,1,
1159,2022-10-10,11.5,12.45,1,
1160,2022-10-10,41.2,44.6,1,
1161,2022-10-10,11.5,12.45,1,
1162,2022-10-10,41.2,44.6,1,
1163,2022-10-10,9.8,10.61,1,
1164,2022-10-10,41.2,44.6,1,
1165,2022-10-10,9.8,10.61,1,
1166,2022-10-10,9.8,10.61,1,
1167,2022-10-10,9.8,10.61,1,
1168,2022-10-10,41.2,44.6,1,
1169,2022-10-10,41.2,44.6,1,
1170,2022-10-10,11.5,12.45,1,
1171,2022-10-10,11.5,12.45,1,
1172,2022-10-10,41.2,44.6,1,
1173,2022-10-10,9.8,10.61,1,
1174,2022-10-10,11.5,12.45,1,
1175,2022-10-10,11.5,12.45,1,
1176,2022-10-10,41.2,44.6,1,
1177,2022-10-10,41.2,44.6,1,
1178,2022-10-10,41.2,44.6,1,
1179,2022-10-10,41.2,44.6,1,
1180,2022-10-10,11.5,12.45,1,
1181,2022-10-10,41.2,44.6,1,
1182,2022-10-10,11.5,12.45,1,
1183,2022-10-10,11.5,12.45,1,
1184,2022-10-10,9.8,10.61,1,
1185,2022-10-10,11.5,12.45,1,
1186,2022-10-10,9.8,10.61,1,
1187,2022-10-10,41.2,44.6,1,
1188,2022-10-10,11.5,12.45,1,
1189,2022-10-10,9.8,10.61,1,
1190,2022-10-10,9.8,10.61,1,
1191,2022-10-10,11.5,12.45,1,
1192,2022-10-10,41.2,44.6,1,
1193,2022-10-10,41.2,44.6,1,
1194,2022-10-10,41.2,44.6,1,
1195,2022-10-10,9.8,10.61,1,
1196,2022-10-10,11.5,12.45,1,
1197,2022-10-10,11.5,12.45,1,
1198,2022-10-10,11.5,12.45,1,
1199,2022-10-10,41.2,44.6,1,
1200,2022-10-10,9.8,10.61,1,
1201,2022-10-10,41.2,44.6,1,
1202,2022-10-10,9.8,10.61,1,
1203,2022-10-10,11.5,12.45,1,
1204,2022-10-10,41.2,44.6,1,
1205,2022-10-10,9.8,10.61,1,
1206,2022-10-10,9.8,10.61,1,
1207,2022-10-10,41.2,44.6,1,
1208,2022-10-10,41.2,44.6,1,
1209,2022-10-10,9.8,10.61,1,
1210,2022-10-10,41.2,44.6,1,
1211,2022-10-10,11.5,12.45,1,
1212,2022-10-10,41.2,44.6,1,
1213,2022-10-10,11.5,12.45,1,
1214,2022-10-10,11.5,12.45,1,
1215,2022-10-10,9.8,10.61,1,
1216,2022-10-10,9.8,10.61,1,
1217,2022-10-10,41.2,44.6,1,
1218,2022-10-10,11.5,12.45,1,
1219,2022-10-10,11.5,12.45,1,
1220,2022-10-10,9.8,10.61,1,
1221,2022-10-10,9.8,10.61,1,
1222,2022-10-10,9.8,10.61,1,
1223,2022-10-10,9.8,10.61,1,
1224,2022-10-10,11.5,12.45,1,
1225,2022-10-10,11.5,12.45,1,
1226,2022-10-10,41.2,44.6,1,
1227,2022-10-10,41.2,44.6,1,
1228,2022-10-10,41.2,44.6,1,
1229,2022-10-10,11.5,12.45,1,
1230,2022-10-10,11.5,12.45,1,
1231,2022-10-10,9.8,10.61,1,
1232,2022-10-10,11.5,12.45,1,
1233,2022-10-10,9.8,10.61,1,
1234,2022-10-10,11.5,12.45,1,
1235,2022-10-10,9.8,10.61,1,
1236,2022-10-10,41.2,44.6,1,
1237,2022-10-10,9.8,10.61,1,
1238,2022-10-10,11.5,12.45,1,
1239,2022-10-10,41.2,44.6,1,
1240,2022-10-10,41.2,44.6,1,
1241,2022-10-10,9.8,10.61,1,
1242,2022-10-10,11.5,12.45,1,
1243,2022-10-11,41.2,44.6,1,
1244,2022-10-11,41.2,44.6,1,
1245,2022-10-11,41.2,44.6,1,
1246,2022-10-11,9.8,10.61,1,
1247,2022-10-11,11.5,12.45,1,
1248,2022-10-11,11.5,12.45,1,
1249,2022-10-11,11.5,12.45,1,
1250,2022-10-11,9.8,10.61,1,
1251,2022-10-11,41.2,44.6,1,
1252,2022-10-11,9.8,10.61,1,
1253,2022-10-11,41.2,44.6,1,
1254,2022-10-11,41.2,44.6,1,
1255,2022-10-11,41.2,44.6,1,
1256,2022-10-11,9.8,10.61,1,
1257,2022-10-11,41.2,44.6,1,
1258,2022-10-11,9.8,10.61,1,
1259,2022-10-11,11.5,12.45,1,
1260,2022-10-11,9.8,10.61,1,
1261,2022-10-11,11.5,12.45,1,
1262,2022-10-11,9.8,10.61,1,
1263,2022-10-11,9.8,10.61,1,
1264,2022-10-11,9.8,10.61,1,
1265,2022-10-11,9.8,10.61,1,
1266,2022-10-11,41.2,44.6,1,
1267,2022-10-11,9.8,10.61,1,
1268,2022-10-11,41.2,44.6,1,
1269,2022-10-11,11.5,12.45,1,
1270,2022-10-11,9.8,10.61,1,
1271,2022-10-11,41.2,44.6,1,
1272,2022-10-11,11.5,12.45,1,
1273,2022-10-11,41.2,44.6,1,
1274,2022-10-11,41.2,44.6,1,
1275,2022-10-11,11.5,12.45,1,
1276,2022-10-11,9.8,10.61,1,
1277,2022-10-11,9.8,10.61,1,
1278,2022-10-11,41.2,44.6,1,
1279,2022-10-11,11.5,12.45,1,
1280,2022-10-11,41.2,44.6,1,
1281,2022-10-11,9.8,10.61,1,
1282,2022-10-11,9.8,10.61,1,
1283,2022-10-11,11.5,12.45,1,
1284,2022-10-11,11.5,12.45,1,
1285,2022-10-11,11.5,12.45,1,
1286,2022-10-11,11.5,12.45,1,
1287,2022-10-11,9.8,10.61,1,
1288,2022-10-11,11.5,12.45,1,
1289,2022-10-11,41.2,44.6,1,
1290,2022-10-11,11.5,12.45,1,
1291,2022-10-11,11.5,12.45,1,
1292,2022-10-11,11.5,12.45,1,
1293,2022-10-11,11.5,12.45,1,
1294,2022-10-11,9.8,10.61,1,
1295,2022-10-11,41.2,44.6,1,
1296,2022-10-11,9.8,10.61,1,
1297,2022-10-11,11.5,12.45,1,
1298,2022-10-11,9.8,10.61,1,
1299,2022-10-11,11.5,12.45,1,
1300,2022-10-11,11.5,12.45,1,
1301,2022-10-11,9.8,10.61,1,
1302,2022-10-11,11.5,12.45,1,
1303,2022-10-11,9.8,10.61,1,
1304,2022-10-11,11.5,12.45,1,
1305,2022-10-11,41.2,44.6,1,
1306,2022-10-11,11.5,12.45,1,
1307,2022-10-11,41.2,44.6,1,
1308,2022-10-11,9.8,10.61,1,
1309,2022-10-11,11.5,12.45,1,
1310,2022-10-11,9.8,10.61,1,
1311,2022-10-11,41.2,44.6,1,
1312,2022-10-11,41.2,44.6,1,
1313,2022-10-11,11.5,12.45,1,
1314,2022-10-11,9.8,10.61,1,
1315,2022-10-11,41.2,44.6,1,
1316,2022-10-11,41.2,44.6,1,
1317,2022-10-11,11.5,12.45,1,
1318,2022-10-11,41.2,44.6,1,
1319,2022-10-11,11.5,12.45,1,
1320,2022-10-11,11.5,12.45,1,
1321,2022-10-11,11.5,12.45,1,
1322,2022-10-11,9.8,10.61,1,
1323,2022-10-11,11.5,12.45,1,
1324,2022-10-11,11.5,12.45,1,
1325,2022-10-11,9.8,10.61,1,
1326,2022-10-11,11.5,12.45,1,
1327,2022-10-11,11.5,12.45,1,
1328,2022-10-11,9.8,10.61,1,
1329,2022-10-11,11.5,12.45,1,
1330,2022-10-11,11.5,12.45,1,
1331,2022-10-11,11.5,12.45,1,
1332,2022-10-11,41.2,44.6,1,
1333,2022-10-11,41.2,44.6,1,
1334,2022-10-11,11.5,12.45,1,
1335,2022-10-11,9.8,10.61,1,
1336,2022-10-11,11.5,12.45,1,
1337,2022-10-11,11.5,12.45,1,
1338,2022-10-11,41.2,44.6,1,
1339,2022-10-11,41.2,44.6,1,
1340,2022-10-11,41.2,44.6,1,
1341,2022-10-11,9.8,10.61,1,
1342,2022-10-11,11.5,12.45,1,
1343,2022-10-11,9.8,10.61,1,
1344,2022-10-11,11.5,12.45,1,
1345,2022-10-11,9.8,10.61,1,
1346,2022-10-11,41.2,44.6,1,
1347,2022-10-11,41.2,44.6,1,
1348,2022-10-11,41.2,44.6,1,
1349,2022-10-11,9.8,10.61,1,
1350,2022-10-11,9.8,10.61,1,
1351,2022-10-11,11.5,12.45,1,
1352,2022-10-12,11.5,12.45,1,
1353,2022-10-12,9.8,10.61,1,
1354,2022-10-12,11.5,12.45,1,
1355,2022-10-12,9.8,10.61,1,
1356,2022-10-12,9.8,10.61,1,
1357,2022-10-12,11.5,12.45,1,
1358,2022-10-12,11.5,12.45,1,
1359,2022-10-12,9.8,10.61,1,
1360,2022-10-12,41.2,44.6,1,
1361,2022-10-12,9.8,10.61,1,
1362,2022-10-12,11.5,12.45,1,
1363,2022-10-12,11.5,12.45,1,
1364,2022-10-12,11.5,12.45,1,
1365,2022-10-12,9.8,10.61,1,
1366,2022-10-12,41.2,44.6,1,
1367,2022-10-12,9.8,10.61,1,
1368,2022-10-12,41.2,44.6,1,
1369,2022-10-12,9.8,10.61,1,
1370,2022-10-12,11.5,12.45,1,
1371,2022-10-12,9.8,10.61,1,
1372,2022-10-12,11.5,12.45,1,
1373,2022-10-12,41.2,44.6,1,
1374,2022-10-12,9.8,10.61,1,
1375,2022-10-12,11.5,12.45,1,
1376,2022-10-12,41.2,44.6,1,
1377,2022-10-12,41.2,44.6,1,
1378,2022-10-12,41.2,44.6,1,
1379,2022-10-12,41.2,44.6,1,
1380,2022-10-12,41.2,44.6,1,
1381,2022-10-12,9.8,10.61,1,
1382,2022-10-12,11.5,12.45,1,
1383,2022-10-12,9.8,10.61,1,
1384,2022-10-12,41.2,44.6,1,
1385,2022-10-12,9.8,10.61,1,
1386,2022-10-12,9.8,10.61,1,
1387,2022-10-12,9.8,10.61,1,
1388,2022-10-12,11.5,12.45,1,
1389,2022-10-12,41.2,44.6,1,
1390,2022-10-12,9.8,10.61,1,
1391,2022-10-12,41.2,44.6,1,
1392,2022-10-12,41.2,44.6,1,
1393,2022-10-12,11.5,12.45,1,
1394,2022-10-12,11.5,12.45,1,
1395,2022-10-12,11.5,12.45,1,
1396,2022-10-12,41.2,44.6,1,
1397,2022-10-12,11.5,12.45,1,
1398,2022-10-12,41.2,44.6,1,
1399,2022-10-12,11.5,12.45,1,
1400,2022-10-12,41.2,44.6,1,
1401,2022-10-12,9.8,10.61,1,
1402,2022-10-12,9.8,10.61,1,
1403,2022-10-12,41.2,44.6,1,
1404,2022-10-12,11.5,12.45,1,
1405,2022-10-12,11.5,12.45,1,
1406,2022-10-12,9.8,10.61,1,
1407,2022-10-12,41.2,44.6,1,
1408,2022-10-12,41.2,44.6,1,
1409,2022-10-12,41.2,44.6,1,
1410,2022-10-12,41.2,44.6,1,
1411,2022-10-12,41.2,44.6,1,
1412,2022-10-12,9.8,10.61,1,
1413,2022-10-12,9.8,10.61,1,
1414,2022-10-12,41.2,44.6,1,
1415,2022-10-12,11.5,12.45,1,
1416,2022-10-12,41.2,44.6,1,
1417,2022-10-12,11.5,12.45,1,
1418,2022-10-12,11.5,12.45,1,
1419,2022-10-12,41.2,44.6,1,
1420,2022-10-12,41.2,44.6,1,
1421,2022-10-12,41.2,44.6,1,
1422,2022-10-12,41.2,44.6,1,
1423,2022-10-12,9.8,10.61,1,
1424,2022-10-12,41.2,44.6,1,
1425,2022-10-12,11.5,12.45,1,
1426,2022-10-12,9.8,10.61,1,
1427,2022-10-12,11.5,12.45,1,
1428,2022-10-12,9.8,10.61,1,
1429,2022-10-12,11.5,12.45,1,
1430,2022-10-12,41.2,44.6,1,
1431,2022-10-12,41.2,44.6,1,
1432,2022-10-12,11.5,12.45,1,
1433,2022-10-12,9.8,10.61,1,
1434,2022-10-12,9.8,10.61,1,
1435,2022-10-12,11.5,12.45,1,
1436,2022-10-12,9.8,10.61,1,
1437,2022-10-12,9.8,10.61,1,
1438,2022-10-12,9.8,10.61,1,
1439,2022-10-12,41.2,44.6,1,
1440,2022-10-12,9.8,10.61,1,
1441,2022-10-12,9.8,10.61,1,
1442,2022-10-12,11.5,12.45,1,
1443,2022-10-12,9.8,10.61,1,
1444,2022-10-12,9.8,10.61,1,
1445,2022-10-12,9.8,10.61,1,
1446,2022-10-12,11.5,12.45,1,
1447,2022-10-12,41.2,44.6,1,
1448,2022-10-12,41.2,44.6,1,
1449,2022-10-12,41.2,44.6,1,
1450,2022-10-12,11.5,12.45,1,
1451,2022-10-12,11.5,12.45,1,
1452,2022-10-12,9.8,10.61,1,
1453,2022-10-12,41.2,44.6,1,
1454,2022-10-13,9.8,10.61,1,
1455,2022-10-13,41.2,44.6,1,
1456,2022-10-13,11.5,12.45,1,
1457,2022-10-13,9.8,10.61,1,
1458,2022-10-13,9.8,10.61,1,
1459,2022-10-13,11.5,12.45,1,
1460,2022-10-13,9.8,10.61,1,
1461,2022-10-13,41.2,44.6,1,
1462,2022-10-13,41.2,44.6,1,
1463,2022-10-13,9.8,10.61,1,
1464,2022-10-13,11.5,12.45,1,
1465,2022-10-13,9.8,10.61,1,
1466,2022-10-13,9.8,10.61,1,
1467,2022-10-13,41.2,44.6,1,
1468,2022-10-13,41.2,44.6,1,
1469,2022-10-13,41.2,44.6,1,
1470,2022-10-13,11.5,12.45,1,
1471,2022-10-13,11.5,12.45,1,
1472,2022-10-13,11.5,12.45,1,
1473,2022-10-13,11.5,12.45,1,
1474,2022-10-13,41.2,44.6,1,
1475,2022-10-13,11.5,12.45,1,
1476,2022-10-13,9.8,10.61,1,
1477,2022-10-13,41.2,44.6,1,
1478,2022-10-13,11.5,12.45,1,
1479,2022-10-13,41.2,44.6,1,
1480,2022-10-13,9.8,10.61,1,
1481,2022-10-13,41.2,44.6,1,
1482,2022-10-13,41.2,44.6,1,
1483,2022-10-13,11.5,12.45,1,
1484,2022-10-13,9.8,10.61,1,
1485,2022-10-13,11.5,12.45,1,
1486,2022-10-13,9.8,10.61,1,
1487,2022-10-13,11.5,12.45,1,
1488,2022-10-13,11.5,12.45,1,
1489,2022-10-13,11.5,12.45,1,
1490,2022-10-13,9.8,10.61,1,
1491,2022-10-13,9.8,10.61,1,
1492,2022-10-13,11.5,12.45,1,
1493,2022-10-13,11.5,12.45,1,
1494,2022-10-13,11.5,12.45,1,
1495,2022-10-13,41.2,44.6,1,
1496,2022-10-13,9.8,10.61,1,
1497,2022-10-13,11.5,12.45,1,
1498,2022-10-13,9.8,10.61,1,
1499,2022-10-13,41.2,44.6,1,
1500,2022-10-13,9.8,10.61,1,
1501,2022-10-13,9.8,10.61,1,
1502,2022-10-13,9.8,10.61,1,
1503,2022-10-13,11.5,12.45,1,
1504,2022-10-13,41.2,44.6,1,
1505,2022-10-13,41.2,44.6,1,
1506,2022-10-13,9.8,10.61,1,
1507,2022-10-13,9.8,10.61,1,
1508,2022-10-13,11.5,12.45,1,
1509,2022-10-13,9.8,10.61,1,
1510,2022-10-13,11.5,12.45,1,
1511,2022-10-13,41.2,44.6,1,
1512,2022-10-13,9.8,10.61,1,
1513,2022-10-13,9.8,10.61,1,
1514,2022-10-13,41.2,44.6,1,
1515,2022-10-13,9.8,10.61,1,
1516,2022-10-13,9.8,10.61,1,
1517,2022-10-13,11.5,12.45,1,
1518,2022-10-13,41.2,44.6,1,
1519,2022-10-13,11.5,12.45,1,
1520,2022-10-13,9.8,10.61,1,
1521,2022-10-13,41.2,44.6,1,
1522,2022-10-13,9.8,10.61,1,
1523,2022-10-13,9.8,10.61,1,
1524,2022-10-13,9.8,10.61,1,
1525,2022-10-13,41.2,44.6,1,
1526,2022-10-13,9.8,10.61,1,
1527,2022-10-13,11.5,12.45,1,
1528,2022-10-13,9.8,10.61,1,
1529,2022-10-13,11.5,12.45,1,
1530,2022-10-13,11.5,12.45,1,
1531,2022-10-13,41.2,44.6,1,
1532,2022-10-13,11.5,12.45,1,
1533,2022-10-13,9.8,10.61,1,
1534,2022-10-13,11.5,12.45,1,
1535,2022-10-13,9.8,10.61,1,
1536,2022-10-13,11.5,12.45,1,
1537,2022-10-13,11.5,12.45,1,
1538,2022-10-13,11.5,12.45,1,
1539,2022-10-13,41.2,44.6,1,
1540,2022-10-13,41.2,44.6,1,
1541,2022-10-13,41.2,44.6,1,
1542,2022-10-13,41.2,44.6,1,
1543,2022-10-13,11.5,12.45,1,
1544,2022-10-13,9.8,10.61,1,
1545,2022-10-13,11.5,12.45,1,
1546,2022-10-13,11.5,12.45,1,
1547,2022-10-13,11.5,12.45,1,
1548,2022-10-13,41.2,44.6,1,
1549,2022-10-13,11.5,12.45,1,
1550,2022-10-13,11.5,12.45,1,
1551,2022-10-13,9.8,10.61,1,
1552,2022-10-13,41.2,44.6,1,
1553,2022-10-13,41.2,44.6,1,
1554,2022-10-13,9.8,10.61,1,
1555,2022-10-13,9.8,10.61,1,
1556,2022-10-13,9.8,10.61,1,
1557,2022-10-13,9.8,10.61,1,
1558,2022-10-13,41.2,44.6,1,
1559,2022-10-13,41.2,44.6,1,
1560,2022-10-13,9.8,10.61,1,
1561,2022-10-13,41.2,44.6,1,
1562,2022-10-13,9.8,10.61,1,
1563,2022-10-13,9.8,10.61,1,
1564,2022-10-13,41.2,44.6,1,
1565,2022-10-14,9.8,10.61,1,
1566,2022-10-14,41.2,44.6,1,
1567,2022-10-14,11.5,12.45,1,
1568,2022-10-14,9.8,10.61,1,
1569,2022-10-14,41.2,44.6,1,
1570,2022-10-14,41.2,44.6,1,
1571,2022-10-14,9.8,10.61,1,
1572,2022-10-14,9.8,10.61,1,
1573,2022-10-14,41.2,44.6,1,
1574,2022-10-14,9.8,10.61,1,
1575,2022-10-14,9.8,10.61,1,
1576,2022-10-14,41.2,44.6,1,
1577,2022-10-14,41.2,44.6,1,
1578,2022-10-14,11.5,12.45,1,
1579,2022-10-14,9.8,10.61,1,
1580,2022-10-14,41.2,44.6,1,
1581,2022-10-14,41.2,44.6,1,
1582,2022-10-14,9.8,10.61,1,
1583,2022-10-14,41.2,44.6,1,
1584,2022-10-14,41.2,44.6,1,
1585,2022-10-14,41.2,44.6,1,
1586,2022-10-14,11.5,12.45,1,
1587,2022-10-14,11.5,12.45,1,
1588,2022-10-14,41.2,44.6,1,
1589,2022-10-14,9.8,10.61,1,
1590,2022-10-14,41.2,44.6,1,
1591,2022-10-14,41.2,44.6,1,
1592,2022-10-14,9.8,10.61,1,
1593,2022-10-14,41.2,44.6,1,
1594,2022-10-14,41.2,44.6,1,
1595,2022-10-14,41.2,44.6,1,
1596,2022-10-14,41.2,44.6,1,
1597,2022-10-14,41.2,44.6,1,
1598,2022-10-14,9.8,10.61,1,
1599,2022-10-14,11.5,12.45,1,
1600,2022-10-14,41.2,44.6,1,
1601,2022-10-14,11.5,12.45,1,
1602,2022-10-14,41.2,44.6,1,
1603,2022-10-14,41.2,44.6,1,
1604,2022-10-14,41.2,44.6,1,
1605,2022-10-14,11.5,12.45,1,
1606,2022-10-14,41.2,44.6,1,
1607,2022-10-14,9.8,10.61,1,
1608,2022-10-14,41.2,44.6,1,
1609,2022-10-14,9.8,10.61,1,
1610,2022-10-14,11.5,12.45,1,
1611,2022-10-14,9.8,10.61,1,
1612,2022-10-14,9.8,10.61,1,
1613,2022-10-14,9.8,10.61,1,
1614,2022-10-14,41.2,44.6,1,
1615,2022-10-14,9.8,10.61,1,
1616,2022-10-14,11.5,12.45,1,
1617,2022-10-14,41.2,44.6,1,
1618,2022-10-14,9.8,10.61,1,
1619,2022-10-14,9.8,10.61,1,
1620,2022-10-14,9.8,10.61,1,
1621,2022-10-14,41.2,44.6,1,
1622,2022-10-14,41.2,44.6,1,
1623,2022-10-14,9.8,10.61,1,
1624,2022-10-14,9.8,10.61,1,
1625,2022-10-14,41.2,44.6,1,
1626,2022-10-14,9.8,10.61,1,
1627,2022-10-14,9.8,10.61,1,
1628,2022-10-14,41.2,44.6,1,
1629,2022-10-14,11.5,12.45,1,
1630,2022-10-14,41.2,44.6,1,
1631,2022-10-14,9.8,10.61,1,
1632,2022-10-14,11.5,12.45,1,
1633,2022-10-14,11.5,12.45,1,
1634,2022-10-14,9.8,10.61,1,
1635,2022-10-14,41.2,44.6,1,
1636,2022-10-14,9.8,10.61,1,
1637,2022-10-14,9.8,10.61,1,
1638,2022-10-14,9.8,10.61,1,
1639,2022-10-14,9.8,10.61,1,
1640,2022-10-14,9.8,10.61,1,
1641,2022-10-14,9.8,10.61,1,
1642,2022-10-14,9.8,10.61,1,
1643,2022-10-14,9.8,10.61,1,
1644,2022-10-14,11.5,12.45,1,
1645,2022-10-14,11.5,12.45,1,
1646,2022-10-14,41.2,44.6,1,
1647,2022-10-14,11.5,12.45,1,
1648,2022-10-14,41.2,44.6,1,
1649,2022-10-14,11.5,12.45,1,
1650,2022-10-14,41.2,44.6,1,
1651,2022-10-14,11.5,12.45,1,
1652,2022-10-14,41.2,44.6,1,
1653,2022-10-14,9.8,10.61,1,
1654,2022-10-14,11.5,12.45,1,
1655,2022-10-14,11.5,12.45,1,
1656,2022-10-14,11.5,12.45,1,
1657,2022-10-14,11.5,12.45,1,
1658,2022-10-14,11.5,12.45,1,
1659,2022-10-14,11.5,12.45,1,
1660,2022-10-14,11.5,12.45,1,
1661,2022-10-15,11.5,12.45,1,
1662,2022-10-15,9.8,10.61,1,
1663,2022-10-15,11.5,12.45,1,
1664,2022-10-15,41.2,44.6,1,
1665,2022-10-15,11.5,12.45,1,
1666,2022-10-15,9.8,10.61,1,
1667,2022-10-15,9.8,10.61,1,
1668,2022-10-15,9.8,10.61,1,
1669,2022-10-15,11.5,12.45,1,
1670,2022-10-15,9.8,10.61,1,
1671,2022-10-15,41.2,44.6,1,
1672,2022-10-15,41.2,44.6,1,
1673,2022-10-15,11.5,12.45,1,
1674,2022-10-15,11.5,12.45,1,
1675,2022-10-15,11.5,12.45,1,
1676,2022-10-15,9.8,10.61,1,
1677,2022-10-15,11.5,12.45,1,
1678,2022-10-15,11.5,12.45,1,
1679,2022-10-15,9.8,10.61,1,
1680,2022-10-15,9.8,10.61,1,
1681,2022-10-15,41.2,44.6,1,
1682,2022-10-15,41.2,44.6,1,
1683,2022-10-15,9.8,10.61,1,
1684,2022-10-15,9.8,10.61,1,
1685,2022-10-15,9.8,10.61,1,
1686,2022-10-15,9.8,10.61,1,
1687,2022-10-15,11.5,12.45,1,
1688,2022-10-15,9.8,10.61,1,
1689,2022-10-15,11.5,12.45,1,
1690,2022-10-15,9.8,10.61,1,
1691,2022-10-15,11.5,12.45,1,
1692,2022-10-15,11.5,12.45,1,
1693,2022-10-15,11.5,12.45,1,
1694,2022-10-15,9.8,10.61,1,
1695,2022-10-15,41.2,44.6,1,
1696,2022-10-15,11.5,12.45,1,
1697,2022-10-15,41.2,44.6,1,
1698,2022-10-15,11.5,12.45,1,
1699,2022-10-15,41.2,44.6,1,
1700,2022-10-15,41.2,44.6,1,
1701,2022-10-15,41.2,44.6,1,
1702,2022-10-15,41.2,44.6,1,
1703,2022-10-15,9.8,10.61,1,
1704,2022-10-15,41.2,44.6,1,
1705,2022-10-15,41.2,44.6,1,
1706,2022-10-15,41.2,44.6,1,
1707,2022-10-15,11.5,12.45,1,
1708,2022-10-15,11.5,12.45,1,
1709,2022-10-15,9.8,10.61,1,
1710,2022-10-15,9.8,10.61,1,
1711,2022-10-15,9.8,10.61,1,
1712,2022-10-15,11.5,12.45,1,
1713,2022-10-15,41.2,44.6,1,
1714,2022-10-15,41.2,44.6,1,
1715,2022-10-15,11.5,12.45,1,
1716,2022-10-15,41.2,44.6,1,
1717,2022-10-15,9.8,10.61,1,
1718,2022-10-15,41.2,44.6,1,
1719,2022-10-15,41.2,44.6,1,
1720,2022-10-15,41.2,44.6,1,
1721,2022-10-15,11.5,12.45,1,
1722,2022-10-15,11.5,12.45,1,
1723,2022-10-15,11.5,12.45,1,
1724,2022-10-15,9.8,10.61,1,
1725,2022-10-15,11.5,12.45,1,
1726,2022-10-15,41.2,44.6,1,
1727,2022-10-15,41.2,44.6,1,
1728,2022-10-15,9.8,10.61,1,
1729,2022-10-15,41.2,44.6,1,
1730,2022-10-15,41.2,44.6,1,
1731,2022-10-15,11.5,12.45,1,
1732,2022-10-15,9.8,10.61,1,
1733,2022-10-15,11.5,12.45,1,
1734,2022-10-15,41.2,44.6,1,
1735,2022-10-15,11.5,12.45,1,
1736,2022-10-15,41.2,44.6,1,
1737,2022-10-15,11.5,12.45,1,
1738,2022-10-15,41.2,44.6,1,
1739,2022-10-15,41.2,44.6,1,
1740,2022-10-15,41.2,44.6,1,
1741,2022-10-15,9.8,10.61,1,
1742,2022-10-15,41.2,44.6,1,
1743,2022-10-15,9.8,10.61,1,
1744,2022-10-15,11.5,12.45,1,
1745,2022-10-15,9.8,10.61,1,
1746,2022-10-15,41.2,44.6,1,
1747,2022-10-15,11.5,12.45,1,
1748,2022-10-15,41.2,44.6,1,
1749,2022-10-15,11.5,12.45,1,
1750,2022-10-15,11.5,12.45,1,
1751,2022-10-15,41.2,44.6,1,
1752,2022-10-15,41.2,44.6,1,
1753,2022-10-15,11.5,12.45,1,
1754,2022-10-15,11.5,12.45,1,
1755,2022-10-15,11.5,12.45,1,
1756,2022-10-15,41.2,44.6,1,
1757,2022-10-15,11.5,12.45,1,
1758,2022-10-15,11.5,12.45,1,
1759,2022-10-15,11.5,12.45,1,
1760,2022-10-15,11.5,12.45,1,
1761,2022-10-16,9.8,10.61,1,
1762,2022-10-16,9.8,10.61,1,
1763,2022-10-16,41.2,44.6,1,
1764,2022-10-16,9.8,10.61,1,
1765,2022-10-16,11.5,12.45,1,
1766,2022-10-16,11.5,12.45,1,
1767,2022-10-16,9.8,10.61,1,
1768,2022-10-16,11.5,12.45,1,
1769,2022-10-16,41.2,44.6,1,
1770,2022-10-16,9.8,10.61,1,
1771,2022-10-16,9.8,10.61,1,
1772,2022-10-16,41.2,44.6,1,
1773,2022-10-16,11.5,12.45,1,
1774,2022-10-16,11.5,12.45,1,
1775,2022-10-16,9.8,10.61,1,
1776,2022-10-16,11.5,12.45,1,
1777,2022-10-16,41.2,44.6,1,
1778,2022-10-16,11.5,12.45,1,
1779,2022-10-16,9.8,10.61,1,
1780,2022-10-16,11.5,12.45,1,
1781,2022-10-16,41.2,44.6,1,
1782,2022-10-16,11.5,12.45,1,
1783,2022-10-16,9.8,10.61,1,
1784,2022-10-16,41.2,44.6,1,
1785,2022-10-16,11.5,12.45,1,
1786,2022-10-16,11.5,12.45,1,
1787,2022-10-16,9.8,10.61,1,
1788,2022-10-16,11.5,12.45,1,
1789,2022-10-16,41.2,44.6,1,
1790,2022-10-16,9.8,10.61,1,
1791,2022-10-16,9.8,10.61,1,
1792,2022-10-16,41.2,44.6,1,
1793,2022-10-16,11.5,12.45,1,
1794,2022-10-16,11.5,12.45,1,
1795,2022-10-16,11.5,12.45,1,
1796,2022-10-16,9.8,10.61,1,
1797,2022-10-16,11.5,12.45,1,
1798,2022-10-16,11.5,12.45,1,
1799,2022-10-16,11.5,12.45,1,
1800,2022-10-16,11.5,12.45,1,
1801,2022-10-16,9.8,10.61,1,
1802,2022-10-16,11.5,12.45,1,
1803,2022-10-16,11.5,12.45,1,
1804,2022-10-16,11.5,12.45,1,
1805,2022-10-16,11.5,12.45,1,
1806,2022-10-16,11.5,12.45,1,
1807,2022-10-16,11.5,12.45,1,
1808,2022-10-16,11.5,12.45,1,
1809,2022-10-16,9.8,10.61,1,
1810,2022-10-16,11.5,12.45,1,
1811,2022-10-16,11.5,12.45,1,
1812,2022-10-16,41.2,44.6,1,
1813,2022-10-16,41.2,44.6,1,
1814,2022-10-16,41.2,44.6,1,
1815,2022-10-16,11.5,12.45,1,
1816,2022-10-16,41.2,44.6,1,
1817,2022-10-16,9.8,10.61,1,
1818,2022-10-16,41.2,44.6,1,
1819,2022-10-16,41.2,44.6,1,
1820,2022-10-16,11.5,12.45,1,
1821,2022-10-16,41.2,44.6,1,
1822,2022-10-16,11.5,12.45,1,
1823,2022-10-16,9.8,10.61,1,
1824,2022-10-16,41.2,44.6,1,
1825,2022-10-16,41.2,44.6,1,
1826,2022-10-16,41.2,44.6,1,
1827,2022-10-16,41.2,44.6,1,
1828,2022-10-16,41.2,44.6,1,
1829,2022-10-16,9.8,10.61,1,
1830,2022-10-16,11.5,12.45,1,
1831,2022-10-16,11.5,12.45,1,
1832,2022-10-16,11.5,12.45,1,
1833,2022-10-16,9.8,10.61,1,
1834,2022-10-16,41.2,44.6,1,
1835,2022-10-16,11.5,12.45,1,
1836,2022-10-16,11.5,12.45,1,
1837,2022-10-16,11.5,12.45,1,
1838,2022-10-16,41.2,44.6,1,
1839,2022-10-16,11.5,12.45,1,
1840,2022-10-16,11.5,12.45,1,
1841,2022-10-16,41.2,44.6,1,
1842,2022-10-16,11.5,12.45,1,
1843,2022-10-16,41.2,44.6,1,
1844,2022-10-16,11.5,12.45,1,
1845,2022-10-16,9.8,10.61,1,
1846,2022-10-16,9.8,10.61,1,
1847,2022-10-16,11.5,12.45,1,
1848,2022-10-16,9.8,10.61,1,
1849,2022-10-16,41.2,44.6,1,
1850,2022-10-16,11.5,12.45,1,
1851,2022-10-16,11.5,12.45,1,
1852,2022-10-16,41.2,44.6,1,
1853,2022-10-16,11.5,12.45,1,
1854,2022-10-16,41.2,44.6,1,
1855,2022-10-16,9.8,10.61,1,
1856,2022-10-16,41.2,44.6,1,
1857,2022-10-16,41.2,44.6,1,
1858,2022-10-16,41.2,44.6,1,
1859,2022-10-16,9.8,10.61,1,
1860,2022-10-16,11.5,12.45,1,
1861,2022-10-16,11.5,12.45,1,
1862,2022-10-16,11.5,12.45,1,
1863,2022-10-16,41.2,44.6,1,
1864,2022-10-16,9.8,10.61,1,
1865,2022-10-16,11.5,12.45,1,
1866,2022-10-16,11.5,12.45,1,
1867,2022-10-16,11.5,12.45,1,
1868,2022-10-16,41.2,44.6,1,
1869,2022-10-17,11.5,12.45,1,
1870,2022-10-17,9.8,10.61,1,
1871,2022-10-17,41.2,44.6,1,
1872,2022-10-17,41.2,44.6,1,
1873,2022-10-17,41.2,44.6,1,
1874,2022-10-17,11.5,12.45,1,
1875,2022-10-17,9.8,10.61,1,
1876,2022-10-17,11.5,12.45,1,
1877,2022-10-17,41.2,44.6,1,
1878,2022-10-17,11.5,12.45,1,
1879,2022-10-17,11.5,12.45,1,
1880,2022-10-17,9.8,10.61,1,
1881,2022-10-17,9.8,10.61,1,
1882,2022-10-17,9.8,10.61,1,
1883,2022-10-17,9.8,10.61,1,
1884,2022-10-17,41.2,44.6,1,
1885,2022-10-17,41.2,44.6,1,
1886,2022-10-17,11.5,12.45,1,
1887,2022-10-17,41.2,44.6,1,
1888,2022-10-17,9.8,10.61,1,
1889,2022-10-17,41.2,44.6,1,
1890,2022-10-17,9.8,10.61,1,
1891,2022-10-17,11.5,12.45,1,
1892,2022-10-17,11.5,12.45,1,
1893,2022-10-17,41.2,44.6,1,
1894,2022-10-17,41.2,44.6,1,
1895,2022-10-17,9.8,10.61,1,
1896,2022-10-17,9.8,10.61,1,
1897,2022-10-17,41.2,44.6,1,
1898,2022-10-17,11.5,12.45,1,
1899,2022-10-17,9.8,10.61,1,
1900,2022-10-17,41.2,44.6,1,
1901,2022-10-17,9.8,10.61,1,
1902,2022-10-17,41.2,44.6,1,
1903,2022-10-17,9.8,10.61,1,
1904,2022-10-17,41.2,44.6,1,
1905,2022-10-17,11.5,12.45,1,
1906,2022-10-17,41.2,44.6,1,
1907,2022-10-17,41.2,44.6,1,
1908,2022-10-17,9.8,10.61,1,
1909,2022-10-17,11.5,12.45,1,
1910,2022-10-17,11.5,12.45,1,
1911,2022-10-17,11.5,12.45,1,
1912,2022-10-17,11.5,12.45,1,
1913,2022-10-17,11.5,12.45,1,
1914,2022-10-17,11.5,12.45,1,
1915,2022-10-17,9.8,10.61,1,
1916,2022-10-17,41.2,44.6,1,
1917,2022-10-17,9.8,10.61,1,
1918,2022-10-17,11.5,12.45,1,
1919,2022-10-17,41.2,44.6,1,
1920,2022-10-17,41.2,44.6,1,
1921,2022-10-17,41.2,44.6,1,
1922,2022-10-17,9.8,10.61,1,
1923,2022-10-17,9.8,10.61,1,
1924,2022-10-17,9.8,10.61,1,
1925,2022-10-17,41.2,44.6,1,
1926,2022-10-17,11.5,12.45,1,
1927,2022-10-17,11.5,12.45,1,
1928,2022-10-17,9.8,10.61,1,
1929,2022-10-17,41.2,44.6,1,
1930,2022-10-17,11.5,12.45,1,
1931,2022-10-17,9.8,10.61,1,
1932,2022-10-17,41.2,44.6,1,
1933,2022-10-17,11.5,12.45,1,
1934,2022-10-17,9.8,10.61,1,
1935,2022-10-17,11.5,12.45,1,
1936,2022-10-17,41.2,44.6,1,
1937,2022-10-17,41.2,44.6,1,
1938,2022-10-17,11.5,12.45,1,
1939,2022-10-17,9.8,10.61,1,
1940,2022-10-17,41.2,44.6,1,
1941,2022-10-17,9.8,10.61,1,
1942,2022-10-17,41.2,44.6,1,
1943,2022-10-17,9.8,10.61,1,
1944,2022-10-17,9.8,10.61,1,
1945,2022-10-17,9.8,10.61,1,
1946,2022-10-17,11.5,12.45,1,
1947,2022-10-17,11.5,12.45,1,
1948,2022-10-17,41.2,44.6,1,
1949,2022-10-17,9.8,10.61,1,
1950,2022-10-17,9.8,10.61,1,
1951,2022-10-17,41.2,44.6,1,
1952,2022-10-17,9.8,10.61,1,
1953,2022-10-17,9.8,10.61,1,
1954,2022-10-17,41.2,44.6,1,
1955,2022-10-17,9.8,10.61,1,
1956,2022-10-17,41.2,44.6,1,
1957,2022-10-17,41.2,44.6,1,
1958,2022-10-17,41.2,44.6,1,
1959,2022-10-17,11.5,12.45,1,
1960,2022-10-17,11.5,12.45,1,
1961,2022-10-17,9.8,10.61,1,
1962,2022-10-17,9.8,10.61,1,
1963,2022-10-17,11.5,12.45,1,
1964,2022-10-17,41.2,44.6,1,
1965,2022-10-17,41.2,44.6,1,
1966,2022-10-17,11.5,12.45,1,
1967,2022-10-17,11.5,12.45,1,
1968,2022-10-17,11.5,12.45,1,
1969,2022-10-17,9.8,10.61,1,
1970,2022-10-17,9.8,10.61,1,
1971,2022-10-18,41.2,44.6,1,
1972,2022-10-18,9.8,10.61,1,
1973,2022-10-18,9.8,10.61,1,
1974,2022-10-18,9.8,10.61,1,
1975,2022-10-18,41.2,44.6,1,
1976,2022-10-18,41.2,44.6,1,
1977,2022-10-18,9.8,10.61,1,
1978,2022-10-18,9.8,10.61,1,
1979,2022-10-18,41.2,44.6,1,
1980,2022-10-18,11.5,12.45,1,
1981,2022-10-18,41.2,44.6,1,
1982,2022-10-18,11.5,12.45,1,
1983,2022-10-18,9.8,10.61,1,
1984,2022-10-18,11.5,12.45,1,
1985,2022-10-18,11.5,12.45,1,
1986,2022-10-18,11.5,12.45,1,
1987,2022-10-18,9.8,10.61,1,
1988,2022-10-18,11.5,12.45,1,
1989,2022-10-18,11.5,12.45,1,
1990,2022-10-18,41.2,44.6,1,
1991,2022-10-18,41.2,44.6,1,
1992,2022-10-18,41.2,44.6,1,
1993,2022-10-18,11.5,12.45,1,
1994,2022-10-18,9.8,10.61,1,
1995,2022-10-18,41.2,44.6,1,
1996,2022-10-18,11.5,12.45,1,
1997,2022-10-18,41.2,44.6,1,
1998,2022-10-18,11.5,12.45,1,
1999,2022-10-18,11.5,12.45,1,
2000,2022-10-18,11.5,12.45,1,
2001,2022-10-18,9.8,10.61,1,
2002,2022-10-18,41.2,44.6,1,
2003,2022-10-18,41.2,44.6,1,
2004,2022-10-18,9.8,10.61,1,
2005,2022-10-18,41.2,44.6,1,
2006,2022-10-18,11.5,12.45,1,
2007,2022-10-18,11.5,12.45,1,
2008,2022-10-18,11.5,12.45,1,
2009,2022-10-18,11.5,12.45,1,
2010,2022-10-18,41.2,44.6,1,
2011,2022-10-18,41.2,44.6,1,
2012,2022-10-18,11.5,12.45,1,
2013,2022-10-18,11.5,12.45,1,
2014,2022-10-18,41.2,44.6,1,
2015,2022-10-18,9.8,10.61,1,
2016,2022-10-18,11.5,12.45,1,
2017,2022-10-18,41.2,44.6,1,
2018,2022-10-18,9.8,10.61,1,
2019,2022-10-18,41.2,44.6,1,
2020,2022-10-18,9.8,10.61,1,
2021,2022-10-18,11.5,12.45,1,
2022,2022-10-18,9.8,10.61,1,
2023,2022-10-18,11.5,12.45,1,
2024,2022-10-18,41.2,44.6,1,
2025,2022-10-18,9.8,10.61,1,
2026,2022-10-18,11.5,12.45,1,
2027,2022-10-18,11.5,12.45,1,
2028,2022-10-18,11.5,12.45,1,
2029,2022-10-18,9.8,10.61,1,
2030,2022-10-18,9.8,10.61,1,
2031,2022-10-18,11.5,12.45,1,
2032,2022-10-18,41.2,44.6,1,
2033,2022-10-18,41.2,44.6,1,
2034,2022-10-18,9.8,10.61,1,
2035,2022-10-18,41.2,44.6,1,
2036,2022-10-18,11.5,12.45,1,
2037,2022-10-18,11.5,12.45,1,
2038,2022-10-18,41.2,44.6,1,
2039,2022-10-18,41.2,44.6,1,
2040,2022-10-18,41.2,44.6,1,
2041,2022-10-18,41.2,44.6,1,
2042,2022-10-18,11.5,12.45,1,
2043,2022-10-18,9.8,10.61,1,
2044,2022-10-18,9.8,10.61,1,
2045,2022-10-18,41.2,44.6,1,
2046,2022-10-18,41.2,44.6,1,
2047,2022-10-18,9.8,10.61,1,
2048,2022-10-18,41.2,44.6,1,
2049,2022-10-18,9.8,10.61,1,
2050,2022-10-18,11.5,12.45,1,
2051,2022-10-18,11.5,12.45,1,
2052,2022-10-18,11.5,12.45,1,
2053,2022-10-18,11.5,12.45,1,
2054,2022-10-18,9.8,10.61,1,
2055,2022-10-18,11.5,12.45,1,
2056,2022-10-18,11.5,12.45,1,
2057,2022-10-18,9.8,10.61,1,
2058,2022-10-18,11.5,12.45,1,
2059,2022-10-18,11.5,12.45,1,
2060,2022-10-18,41.2,44.6,1,
2061,2022-10-18,41.2,44.6,1,
2062,2022-10-18,11.5,12.45,1,
2063,2022-10-18,11.5,12.45,1,
2064,2022-10-18,9.8,10.61,1,
2065,2022-10-18,9.8,10.61,1,
2066,2022-10-18,9.8,10.61,1,
2067,2022-10-18,9.8,10.61,1,
2068,2022-10-18,41.2,44.6,1,
2069,2022-10-18,9.8,10.61,1,
2070,2022-10-18,9.8,10.61,1,
2071,2022-10-18,11.5,12.45,1,
2072,2022-10-18,41.2,44.6,1,
2073,2022-10-18,9.8,10.61,1,
2074,2022-10-18,11.5,12.45,1,
2075,2022-10-18,41.2,44.6,1,
2076,2022-10-19,11.5,12.45,1,
2077,2022-10-19,41.2,44.6,1,
2078,2022-10-19,9.8,10.61,1,
2079,2022-10-19,41.2,44.6,1,
2080,2022-10-19,11.5,12.45,1,
2081,2022-10-19,41.2,44.6,1,
2082,2022-10-19,9.8,10.61,1,
2083,2022-10-19,11.5,12.45,1,
2084,2022-10-19,41.2,44.6,1,
2085,2022-10-19,41.2,44.6,1,
2086,2022-10-19,41.2,44.6,1,
2087,2022-10-19,9.8,10.61,1,
2088,2022-10-19,41.2,44.6,1,
2089,2022-10-19,11.5,12.45,1,
2090,2022-10-19,9.8,10.61,1,
2091,2022-10-19,11.5,12.45,1,
2092,2022-10-19,11.5,12.45,1,
2093,2022-10-19,9.8,10.61,1,
2094,2022-10-19,41.2,44.6,1,
2095,2022-10-19,41.2,44.6,1,
2096,2022-10-19,11.5,12.45,1,
2097,2022-10-19,41.2,44.6,1,
2098,2022-10-19,9.8,10.61,1,
2099,2022-10-19,9.8,10.61,1,
2100,2022-10-19,11.5,12.45,1,
2101,2022-10-19,9.8,10.61,1,
2102,2022-10-19,9.8,10.61,1,
2103,2022-10-19,11.5,12.45,1,
2104,2022-10-19,9.8,10.61,1,
2105,2022-10-19,41.2,44.6,1,
2106,2022-10-19,11.5,12.45,1,
2107,2022-10-19,9.8,10.61,1,
2108,2022-10-19,11.5,12.45,1,
2109,2022-10-19,11.5,12.45,1,
2110,2022-10-19,9.8,10.61,1,
2111,2022-10-19,11.5,12.45,1,
2112,2022-10-19,9.8,10.61,1,
2113,2022-10-19,9.8,10.61,1,
2114,2022-10-19,11.5,12.45,1,
2115,2022-10-19,9.8,10.61,1,
2116,2022-10-19,41.2,44.6,1,
2117,2022-10-19,9.8,10.61,1,
2118,2022-10-19,41.2,44.6,1,
2119,2022-10-19,41.2,44.6,1,
2120,2022-10-19,9.8,10.61,1,
2121,2022-10-19,11.5,12.45,1,
2122,2022-10-19,41.2,44.6,1,
2123,2022-10-19,9.8,10.61,1,
2124,2022-10-19,11.5,12.45,1,
2125,2022-10-19,11.5,12.45,1,
2126,2022-10-19,11.5,12.45,1,
2127,2022-10-19,9.8,10.61,1,
2128,2022-10-19,9.8,10.61,1,
2129,2022-10-19,11.5,12.45,1,
2130,2022-10-19,41.2,44.6,1,
2131,2022-10-19,11.5,12.45,1,
2132,2022-10-19,41.2,44.6,1,
2133,2022-10-19,41.2,44.6,1,
2134,2022-10-19,11.5,12.45,1,
2135,2022-10-19,41.2,44.6,1,
2136,2022-10-19,11.5,12.45,1,
2137,2022-10-19,41.2,44.6,1,
2138,2022-10-19,41.2,44.6,1,
2139,2022-10-19,11.5,12.45,1,
2140,2022-10-19,41.2,44.6,1,
2141,2022-10-19,41.2,44.6,1,
2142,2022-10-19,9.8,10.61,1,
2143,2022-10-19,9.8,10.61,1,
2144,2022-10-19,9.8,10.61,1,
2145,2022-10-19,11.5,12.45,1,
2146,2022-10-19,11.5,12.45,1,
2147,2022-10-19,41.2,44.6,1,
2148,2022-10-19,9.8,10.61,1,
2149,2022-10-19,11.5,12.45,1,
2150,2022-10-19,41.2,44.6,1,
2151,2022-10-19,11.5,12.45,1,
2152,2022-10-19,9.8,10.61,1,
2153,2022-10-19,9.8,10.61,1,
2154,2022-10-19,41.2,44.6,1,
2155,2022-10-19,41.2,44.6,1,
2156,2022-10-19,41.2,44.6,1,
2157,2022-10-19,9.8,10.61,1,
2158,2022-10-19,41.2,44.6,1,
2159,2022-10-19,11.5,12.45,1,
2160,2022-10-19,9.8,10.61,1,
2161,2022-10-19,41.2,44.6,1,
2162,2022-10-19,9.8,10.61,1,
2163,2022-10-19,9.8,10.61,1,
2164,2022-10-19,41.2,44.6,1,
2165,2022-10-19,41.2,44.6,1,
2166,2022-10-19,41.2,44.6,1,
2167,2022-10-19,11.5,12.45,1,
2168,2022-10-19,11.5,12.45,1,
2169,2022-10-19,11.5,12.45,1,
2170,2022-10-19,9.8,10.61,1,
2171,2022-10-19,41.2,44.6,1,
2172,2022-10-19,9.8,10.61,1,
2173,2022-10-19,11.5,12.45,1,
2174,2022-10-19,11.5,12.45,1,
2175,2022-10-19,11.5,12.45,1,
2176,2022-10-19,9.8,10.61,1,
2177,2022-10-19,11.5,12.45,1,
2178,2022-10-19,41.2,44.6,1,
2179,2022-10-20,11.5,12.45,1,
2180,2022-10-20,9.8,10.61,1,
2181,2022-10-20,41.2,44.6,1,
2182,2022-10-20,11.5,12.45,1,
2183,2022-10-20,9.8,10.61,1,
2184,2022-10-20,41.2,44.6,1,
2185,2022-10-20,41.2,44.6,1,
2186,2022-10-20,11.5,12.45,1,
2187,2022-10-20,11.5,12.45,1,
2188,2022-10-20,9.8,10.61,1,
2189,2022-10-20,11.5,12.45,1,
2190,2022-10-20,9.8,10.61,1,
2191,2022-10-20,41.2,44.6,1,
2192,2022-10-20,9.8,10.61,1,
2193,2022-10-20,9.8,10.61,1,
2194,2022-10-20,9.8,10.61,1,
2195,2022-10-20,9.8,10.61,1,
2196,2022-10-20,9.8,10.61,1,
2197,2022-10-20,41.2,44.6,1,
2198,2022-10-20,41.2,44.6,1,
2199,2022-10-20,9.8,10.61,1,
2200,2022-10-20,11.5,12.45,1,
2201,2022-10-20,11.5,12.45,1,
2202,2022-10-20,41.2,44.6,1,
2203,2022-10-20,11.5,12.45,1,
2204,2022-10-20,9.8,10.61,1,
2205,2022-10-20,11.5,12.45,1,
2206,2022-10-20,9.8,10.61,1,
2207,2022-10-20,9.8,10.61,1,
2208,2022-10-20,9.8,10.61,1,
2209,2022-10-20,41.2,44.6,1,
2210,2022-10-20,9.8,10.61,1,
2211,2022-10-20,11.5,12.45,1,
2212,2022-10-20,41.2,44.6,1,
2213,2022-10-20,9.8,10.61,1,
2214,2022-10-20,9.8,10.61,1,
2215,2022-10-20,9.8,10.61,1,
2216,2022-10-20,9.8,10.61,1,
2217,2022-10-20,41.2,44.6,1,
2218,2022-10-20,11.5,12.45,1,
2219,2022-10-20,9.8,10.61,1,
2220,2022-10-20,41.2,44.6,1,
2221,2022-10-20,41.2,44.6,1,
2222,2022-10-20,41.2,44.6,1,
2223,2022-10-20,9.8,10.61,1,
2224,2022-10-20,11.5,12.45,1,
2225,2022-10-20,9.8,10.61,1,
2226,2022-10-20,41.2,44.6,1,
2227,2022-10-20,41.2,44.6,1,
2228,2022-10-20,9.8,10.61,1,
2229,2022-10-20,11.5,12.45,1,
2230,2022-10-20,9.8,10.61,1,
2231,2022-10-20,41.2,44.6,1,
2232,2022-10-20,9.8,10.61,1,
2233,2022-10-20,41.2,44.6,1,
2234,2022-10-20,9.8,10.61,1,
2235,2022-10-20,11.5,12.45,1,
2236,2022-10-20,41.2,44.6,1,
2237,2022-10-20,9.8,10.61,1,
2238,2022-10-20,41.2,44.6,1,
2239,2022-10-20,9.8,10.61,1,
2240,2022-10-20,41.2,44.6,1,
2241,2022-10-20,9.8,10.61,1,
2242,2022-10-20,11.5,12.45,1,
2243,2022-10-20,41.2,44.6,1,
2244,2022-10-20,11.5,12.45,1,
2245,2022-10-20,11.5,12.45,1,
2246,2022-10-20,9.8,10.61,1,
2247,2022-10-20,41.2,44.6,1,
2248,2022-10-20,11.5,12.45,1,
2249,2022-10-20,9.8,10.61,1,
2250,2022-10-20,9.8,10.61,1,
2251,2022-10-20,9.8,10.61,1,
2252,2022-10-20,41.2,44.6,1,
2253,2022-10-20,41.2,44.6,1,
2254,2022-10-20,11.5,12.45,1,
2255,2022-10-20,11.5,12.45,1,
2256,2022-10-20,41.2,44.6,1,
2257,2022-10-20,11.5,12.45,1,
2258,2022-10-20,41.2,44.6,1,
2259,2022-10-20,9.8,10.61,1,
2260,2022-10-20,11.5,12.45,1,
2261,2022-10-20,41.2,44.6,1,
2262,2022-10-20,11.5,12.45,1,
2263,2022-10-20,41.2,44.6,1,
2264,2022-10-20,11.5,12.45,1,
2265,2022-10-20,41.2,44.6,1,
2266,2022-10-20,11.5,12.45,1,
2267,2022-10-20,41.2,44.6,1,
2268,2022-10-20,11.5,12.45,1,
2269,2022-10-20,9.8,10.61,1,
2270,2022-10-20,11.5,12.45,1,
2271,2022-10-20,41.2,44.6,1,
2272,2022-10-20,9.8,10.61,1,
2273,2022-10-20,11.5,12.45,1,
2274,2022-10-20,9.8,10.61,1,
2275,2022-10-20,41.2,44.6,1,
2276,2022-10-20,11.5,12.45,1,
2277,2022-10-20,41.2,44.6,1,
2278,2022-10-20,11.5,12.45,1,
2279,2022-10-20,11.5,12.45,1,
2280,2022-10-20,41.2,44.6,1,
2281,2022-10-20,9.8,10.61,1,
2282,2022-10-20,9.8,10.61,1,
2283,2022-10-20,9.8,10.61,1,
2284,2022-10-21,11.5,12.45,1,
2285,2022-10-21,9.8,10.61,1,
2286,2022-10-21,41.2,44.6,1,
2287,2022-10-21,41.2,44.6,1,
2288,2022-10-21,9.8,10.61,1,
2289,2022-10-21,11.5,12.45,1,
2290,2022-10-21,11.5,12.45,1,
2291,2022-10-21,41.2,44.6,1,
2292,2022-10-21,41.2,44.6,1,
2293,2022-10-21,41.2,44.6,1,
2294,2022-10-21,41.2,44.6,1,
2295,2022-10-21,9.8,10.61,1,
2296,2022-10-21,9.8,10.61,1,
2297,2022-10-21,41.2,44.6,1,
2298,2022-10-21,11.5,12.45,1,
2299,2022-10-21,41.2,44.6,1,
2300,2022-10-21,41.2,44.6,1,
2301,2022-10-21,9.8,10.61,1,
2302,2022-10-21,9.8,10.61,1,
2303,2022-10-21,9.8,10.61,1,
2304,2022-10-21,11.5,12.45,1,
2305,2022-10-21,41.2,44.6,1,
2306,2022-10-21,11.5,12.45,1,
2307,2022-10-21,11.5,12.45,1,
2308,2022-10-21,9.8,10.61,1,
2309,2022-10-21,11.5,12.45,1,
2310,2022-10-21,11.5,12.45,1,
2311,2022-10-21,9.8,10.61,1,
2312,2022-10-21,9.8,10.61,1,
2313,2022-10-21,41.2,44.6,1,
2314,2022-10-21,41.2,44.6,1,
2315,2022-10-21,9.8,10.61,1,
2316,2022-10-21,11.5,12.45,1,
2317,2022-10-21,9.8,10.61,1,
2318,2022-10-21,9.8,10.61,1,
2319,2022-10-21,11.5,12.45,1,
2320,2022-10-21,9.8,10.61,1,
2321,2022-10-21,9.8,10.61,1,
2322,2022-10-21,11.5,12.45,1,
2323,2022-10-21,41.2,44.6,1,
2324,2022-10-21,41.2,44.6,1,
2325,2022-10-21,11.5,12.45,1,
2326,2022-10-21,11.5,12.45,1,
2327,2022-10-21,41.2,44.6,1,
2328,2022-10-21,9.8,10.61,1,
2329,2022-10-21,9.8,10.61,1,
2330,2022-10-21,11.5,12.45,1,
2331,2022-10-21,11.5,12.45,1,
2332,2022-10-21,41.2,44.6,1,
2333,2022-10-21,11.5,12.45,1,
2334,2022-10-21,41.2,44.6,1,
2335,2022-10-21,11.5,12.45,1,
2336,2022-10-21,41.2,44.6,1,
2337,2022-10-21,41.2,44.6,1,
2338,2022-10-21,11.5,12.45,1,
2339,2022-10-21,11.5,12.45,1,
2340,2022-10-21,41.2,44.6,1,
2341,2022-10-21,41.2,44.6,1,
2342,2022-10-21,9.8,10.61,1,
2343,2022-10-21,11.5,12.45,1,
2344,2022-10-21,9.8,10.61,1,
2345,2022-10-21,41.2,44.6,1,
2346,2022-10-21,9.8,10.61,1,
2347,2022-10-21,11.5,12.45,1,
2348,2022-10-21,41.2,44.6,1,
2349,2022-10-21,11.5,12.45,1,
2350,2022-10-21,9.8,10.61,1,
2351,2022-10-21,9.8,10.61,1,
2352,2022-10-21,9.8,10.61,1,
2353,2022-10-21,11.5,12.45,1,
2354,2022-10-21,11.5,12.45,1,
2355,2022-10-21,11.5,12.45,1,
2356,2022-10-21,41.2,44.6,1,
2357,2022-10-21,9.8,10.61,1,
2358,2022-10-21,41.2,44.6,1,
2359,2022-10-21,9.8,10.61,1,
2360,2022-10-21,41.2,44.6,1,
2361,2022-10-21,9.8,10.61,1,
2362,2022-10-21,41.2,44.6,1,
2363,2022-10-21,9.8,10.61,1,
2364,2022-10-21,11.5,12.45,1,
2365,2022-10-21,9.8,10.61,1,
2366,2022-10-21,11.5,12.45,1,
2367,2022-10-21,11.5,12.45,1,
2368,2022-10-21,11.5,12.45,1,
2369,2022-10-21,9.8,10.61,1,
2370,2022-10-21,11.5,12.45,1,
2371,2022-10-21,41.2,44.6,1,
2372,2022-10-21,11.5,12.45,1,
2373,2022-10-21,11.5,12.45,1,
2374,2022-10-21,11.5,12.45,1,
2375,2022-10-21,41.2,44.6,1,
2376,2022-10-21,41.2,44.6,1,
2377,2022-10-21,11.5,12.45,1,
2378,2022-10-21,11.5,12.45,1,
2379,2022-10-21,9.8,10.61,1,
2380,2022-10-21,9.8,10.61,1,
2381,2022-10-21,11.5,12.45,1,
2382,2022-10-21,11.5,12.45,1,
2383,2022-10-21,9.8,10.61,1,
2384,2022-10-21,11.5,12.45,1,
2385,2022-10-21,9.8,10.61,1,
2386,2022-10-21,11.5,12.45,1,
2387,2022-10-21,9.8,10.61,1,
2388,2022-10-21,11.5,12.45,1,
2389,2022-10-21,9.8,10.61,1,
2390,2022-10-21,41.2,44.6,1,
2391,2022-10-21,9.8,10.61,1,
2392,2022-10-21,9.8,10.61,1,
2393,2022-10-21,9.8,10.61,1,
2394,2022-10-21,9.8,10.61,1,
2395,2022-10-21,41.2,44.6,1,
2396,2022-10-22,11.5,12.45,1,
2397,2022-10-22,41.2,44.6,1,
2398,2022-10-22,9.8,10.61,1,
2399,2022-10-22,11.5,12.45,1,
2400,2022-10-22,11.5,12.45,1,
2401,2022-10-22,9.8,10.61,1,
2402,2022-10-22,9.8,10.61,1,
2403,2022-10-22,11.5,12.45,1,
2404,2022-10-22,41.2,44.6,1,
2405,2022-10-22,11.5,12.45,1,
2406,2022-10-22,11.5,12.45,1,
2407,2022-10-22,11.5,12.45,1,
2408,2022-10-22,11.5,12.45,1,
2409,2022-10-22,41.2,44.6,1,
2410,2022-10-22,9.8,10.61,1,
2411,2022-10-22,41.2,44.6,1,
2412,2022-10-22,41.2,44.6,1,
2413,2022-10-22,9.8,10.61,1,
2414,2022-10-22,41.2,44.6,1,
2415,2022-10-22,41.2,44.6,1,
2416,2022-10-22,11.5,12.45,1,
2417,2022-10-22,11.5,12.45,1,
2418,2022-10-22,9.8,10.61,1,
2419,2022-10-22,41.2,44.6,1,
2420,2022-10-22,11.5,12.45,1,
2421,2022-10-22,9.8,10.61,1,
2422,2022-10-22,41.2,44.6,1,
2423,2022-10-22,41.2,44.6,1,
2424,2022-10-22,9.8,10.61,1,
2425,2022-10-22,41.2,44.6,1,
2426,2022-10-22,9.8,10.61,1,
2427,2022-10-22,11.5,12.45,1,
2428,2022-10-22,11.5,12.45,1,
2429,2022-10-22,41.2,44.6,1,
2430,2022-10-22,41.2,44.6,1,
2431,2022-10-22,11.5,12.45,1,
2432,2022-10-22,41.2,44.6,1,
2433,2022-10-22,41.2,44.6,1,
2434,2022-10-22,9.8,10.61,1,
2435,2022-10-22,11.5,12.45,1,
2436,2022-10-22,11.5,12.45,1,
2437,2022-10-22,11.5,12.45,1,
2438,2022-10-22,9.8,10.61,1,
2439,2022-10-22,9.8,10.61,1,
2440,2022-10-22,41.2,44.6,1,
2441,2022-10-22,41.2,44.6,1,
2442,2022-10-22,9.8,10.61,1,
2443,2022-10-22,9.8,10.61,1,
2444,2022-10-22,41.2,44.6,1,
2445,2022-10-22,41.2,44.6,1,
2446,2022-10-22,9.8,10.61,1,
2447,2022-10-22,9.8,10.61,1,
2448,2022-10-22,9.8,10.61,1,
2449,2022-10-22,11.5,12.45,1,
2450,2022-10-22,11.5,12.45,1,
2451,2022-10-22,11.5,12.45,1,
2452,2022-10-22,11.5,12.45,1,
2453,2022-10-22,9.8,10.61,1,
2454,2022-10-22,11.5,12.45,1,
2455,2022-10-22,9.8,10.61,1,
2456,2022-10-22,41.2,44.6,1,
2457,2022-10-22,41.2,44.6,1,
2458,2022-10-22,9.8,10.61,1,
2459,2022-10-22,11.5,12.45,1,
2460,2022-10-22,9.8,10.61,1,
2461,2022-10-22,11.5,12.45,1,
2462,2022-10-22,9.8,10.61,1,
2463,2022-10-22,41.2,44.6,1,
2464,2022-10-22,9.8,10.61,1,
2465,2022-10-22,11.5,12.45,1,
2466,2022-10-22,9.8,10.61,1,
2467,2022-10-22,11.5,12.45,1,
2468,2022-10-22,11.5,12.45,1,
2469,2022-10-22,41.2,44.6,1,
2470,2022-10-22,41.2,44.6,1,
2471,2022-10-22,9.8,10.61,1,
2472,2022-10-22,9.8,10.61,1,
2473,2022-10-22,9.8,10.61,1,
2474,2022-10-22,11.5,12.45,1,
2475,2022-10-22,11.5,12.45,1,
2476,2022-10-22,11.5,12.45,1,
2477,2022-10-22,41.2,44.6,1,
2478,2022-10-22,11.5,12.45,1,
2479,2022-10-22,41.2,44.6,1,
2480,2022-10-22,9.8,10.61,1,
2481,2022-10-22,41.2,44.6,1,
2482,2022-10-22,41.2,44.6,1,
2483,2022-10-22,9.8,10.61,1,
2484,2022-10-22,11.5,12.45,1,
2485,2022-10-22,11.5,12.45,1,
2486,2022-10-22,9.8,10.61,1,
2487,2022-10-22,11.5,12.45,1,
2488,2022-10-22,41.2,44.6,1,
2489,2022-10-22,11.5,12.45,1,
2490,2022-10-22,9.8,10.61,1,
2491,2022-10-22,9.8,10.61,1,
2492,2022-10-22,11.5,12.45,1,
2493,2022-10-22,11.5,12.45,1,
2494,2022-10-22,9.8,10.61,1,
2495,2022-10-22,9.8,10.61,1,
2496,2022-10-22,9.8,10.61,1,
2497,2022-10-22,41.2,44.6,1,
2498,2022-10-22,11.5,12.45,1,
2499,2022-10-22,11.5,12.45,1,
2500,2022-10-22,41.2,44.6,1,
2501,2022-10-22,9.8,10.61,1,
2502,2022-10-22,41.2,44.6,1,
2503,2022-10-22,41.2,44.6,1,